case_id,stage,financing_initiation_prediction,financing_initiation_correct,financing_completion_prediction,deal_type_prediction,deal_type_correct,valuation_direction_prediction,valuation_direction_correct,deal_size_prediction,deal_size_true,deal_size_abs_error,deal_size_abs_pct_error,deal_size_within_tolerance,post_money_valuation_prediction,post_money_valuation_true,post_money_valuation_abs_error,post_money_valuation_abs_pct_error,post_money_valuation_within_tolerance,investor_ownership_prediction,investor_ownership_true,investor_ownership_abs_error,investor_ownership_abs_pct_error,investor_ownership_within_tolerance
4790087_197130868T,initial,raise_now,True,likely_complete,seed round,True,up,,2.071429,0.06745,2.003979,29.710585618977024,False,11.071429,,,,,25.0,,,,
4790087_197130868T,round_1,raise_now,True,likely_complete,seed round,True,up,,2.071429,0.06745,2.003979,29.710585618977024,False,11.071429,,,,,25.0,,,,
4790087_197130868T,round_2,raise_now,True,likely_complete,seed round,True,up,,2.071429,0.06745,2.003979,29.710585618977024,False,11.071429,,,,,25.0,,,,
4790087_197130868T,round_3,raise_now,True,likely_complete,seed round,True,up,,2.071429,0.06745,2.003979,29.710585618977024,False,11.071429,,,,,25.0,,,,
4790087_197130868T,final,raise_now,True,likely_complete,seed round,True,up,,2.071429,0.06745,2.003979,29.710585618977024,False,11.071429,,,,,25.0,,,,
11830986_813677134T,initial,raise_now,True,likely_complete,seed round,False,up,,2.464286,110.75,108.285714,0.9777491106094808,False,14.642857,,,,,25.0,,,,
11830986_813677134T,round_1,raise_now,True,likely_complete,seed round,False,up,,2.464286,110.75,108.285714,0.9777491106094808,False,14.642857,,,,,25.0,,,,
11830986_813677134T,round_2,raise_now,True,likely_complete,seed round,False,up,,2.464286,110.75,108.285714,0.9777491106094808,False,14.642857,,,,,25.0,,,,
11830986_813677134T,round_3,raise_now,True,likely_complete,seed round,False,up,,2.464286,110.75,108.285714,0.9777491106094808,False,14.642857,,,,,25.0,,,,
11830986_813677134T,final,raise_now,True,likely_complete,seed round,False,up,,2.464286,110.75,108.285714,0.9777491106094808,False,14.642857,,,,,25.0,,,,
11830986_549655044T,initial,raise_now,True,likely_complete,early stage vc,True,up,,220.0,17.607315,202.392685,11.494806845904671,False,330.0,,,,,30.0,,,,
11830986_549655044T,round_1,raise_now,True,likely_complete,early stage vc,True,up,,220.0,17.607315,202.392685,11.494806845904671,False,330.0,,,,,30.0,,,,
11830986_549655044T,round_2,raise_now,True,likely_complete,early stage vc,True,up,,220.0,17.607315,202.392685,11.494806845904671,False,330.0,,,,,30.0,,,,
11830986_549655044T,round_3,raise_now,True,likely_complete,early stage vc,True,up,,220.0,17.607315,202.392685,11.494806845904671,False,330.0,,,,,30.0,,,,
11830986_549655044T,final,raise_now,True,likely_complete,early stage vc,True,up,,220.0,17.607315,202.392685,11.494806845904671,False,330.0,,,,,30.0,,,,
11830986_069610272T,initial,raise_now,True,likely_complete,early stage vc,True,up,,35.21,23.0,12.21,0.5308695652173914,False,163.57,,,,,35.0,,,,
11830986_069610272T,round_1,raise_now,True,likely_complete,early stage vc,True,up,,35.21,23.0,12.21,0.5308695652173914,False,163.57,,,,,35.0,,,,
11830986_069610272T,round_2,raise_now,True,likely_complete,early stage vc,True,up,,35.21,23.0,12.21,0.5308695652173914,False,163.57,,,,,35.0,,,,
11830986_069610272T,round_3,raise_now,True,likely_complete,early stage vc,True,up,,35.21,23.0,12.21,0.5308695652173914,False,163.57,,,,,35.0,,,,
11830986_069610272T,final,raise_now,True,likely_complete,early stage vc,True,up,,35.21,23.0,12.21,0.5308695652173914,False,163.57,,,,,35.0,,,,
11830986_789374083T,initial,raise_now,True,likely_complete,early stage vc,True,up,,30.0,350.0,320.0,0.9142857142857143,False,200.0,1100.0,900.0,0.8181818181818182,False,25.0,77.27272727,52.272727270000004,0.6764705882238754,False
11830986_789374083T,round_1,raise_now,True,likely_complete,early stage vc,True,up,,30.0,350.0,320.0,0.9142857142857143,False,200.0,1100.0,900.0,0.8181818181818182,False,25.0,77.27272727,52.272727270000004,0.6764705882238754,False
11830986_789374083T,round_2,raise_now,True,likely_complete,early stage vc,True,up,,30.0,350.0,320.0,0.9142857142857143,False,200.0,1100.0,900.0,0.8181818181818182,False,25.0,77.27272727,52.272727270000004,0.6764705882238754,False
11830986_789374083T,round_3,raise_now,True,likely_complete,early stage vc,True,up,,30.0,350.0,320.0,0.9142857142857143,False,200.0,1100.0,900.0,0.8181818181818182,False,25.0,77.27272727,52.272727270000004,0.6764705882238754,False
11830986_789374083T,final,raise_now,True,likely_complete,early stage vc,True,up,,30.0,350.0,320.0,0.9142857142857143,False,200.0,1100.0,900.0,0.8181818181818182,False,25.0,77.27272727,52.272727270000004,0.6764705882238754,False
11830986_816183250T,initial,raise_now,True,likely_complete,early stage vc,False,up,True,500.0,250.0,250.0,1.0,False,2000.0,2250.0,250.0,0.1111111111111111,True,25.0,78.22066854,53.220668540000005,0.6803913790737335,False
11830986_816183250T,round_1,raise_now,True,likely_complete,early stage vc,False,up,True,500.0,250.0,250.0,1.0,False,2000.0,2250.0,250.0,0.1111111111111111,True,25.0,78.22066854,53.220668540000005,0.6803913790737335,False
11830986_816183250T,round_2,raise_now,True,likely_complete,early stage vc,False,up,True,500.0,250.0,250.0,1.0,False,2000.0,2250.0,250.0,0.1111111111111111,True,25.0,78.22066854,53.220668540000005,0.6803913790737335,False
11830986_816183250T,round_3,raise_now,True,likely_complete,early stage vc,False,up,True,500.0,250.0,250.0,1.0,False,2000.0,2250.0,250.0,0.1111111111111111,True,25.0,78.22066854,53.220668540000005,0.6803913790737335,False
11830986_816183250T,final,raise_now,True,likely_complete,early stage vc,False,up,True,500.0,250.0,250.0,1.0,False,2000.0,2250.0,250.0,0.1111111111111111,True,25.0,78.22066854,53.220668540000005,0.6803913790737335,False
11830986_293087727T,initial,raise_now,True,likely_complete,later stage vc,True,up,,371.428571,100.0,271.428571,2.71428571,False,3357.142857,,,,,71.428571,,,,
11830986_293087727T,round_1,raise_now,True,likely_complete,later stage vc,True,up,,371.428571,100.0,271.428571,2.71428571,False,3357.142857,,,,,71.428571,,,,
11830986_293087727T,round_2,raise_now,True,likely_complete,later stage vc,True,up,,321.428571,100.0,221.42857099999998,2.21428571,False,3107.142857,,,,,73.928571,,,,
11830986_293087727T,round_3,raise_now,True,likely_complete,later stage vc,True,up,,321.428571,100.0,221.42857099999998,2.21428571,False,3107.142857,,,,,73.928571,,,,
11830986_293087727T,final,raise_now,True,likely_complete,later stage vc,True,up,,321.428571,100.0,221.42857099999998,2.21428571,False,3107.142857,,,,,73.928571,,,,
11982935_342853943T,initial,raise_now,True,likely_complete,seed round,True,up,,2.464286,,,,,14.642857,,,,,20.357143,,,,
11982935_342853943T,round_1,raise_now,True,likely_complete,seed round,True,up,,2.464286,,,,,14.642857,,,,,20.357143,,,,
11982935_342853943T,round_2,raise_now,True,likely_complete,seed round,True,up,,2.464286,,,,,14.642857,,,,,20.357143,,,,
11982935_342853943T,round_3,raise_now,True,likely_complete,seed round,True,up,,2.464286,,,,,14.642857,,,,,20.357143,,,,
11982935_342853943T,final,raise_now,True,likely_complete,seed round,True,up,,2.464286,,,,,14.642857,,,,,20.357143,,,,
26050294_545686821T,initial,raise_now,True,likely_complete,early stage vc,True,up,,14.642857,0.82633477,13.816522229999999,16.720247932929166,False,59.285714,,,,,25.0,,,,
26050294_545686821T,round_1,raise_now,True,likely_complete,early stage vc,True,up,,14.642857,0.82633477,13.816522229999999,16.720247932929166,False,59.285714,,,,,25.0,,,,
26050294_545686821T,round_2,raise_now,True,likely_complete,early stage vc,True,up,,14.642857,0.82633477,13.816522229999999,16.720247932929166,False,59.285714,,,,,25.0,,,,
26050294_545686821T,round_3,raise_now,True,likely_complete,early stage vc,True,up,,14.642857,0.82633477,13.816522229999999,16.720247932929166,False,59.285714,,,,,25.0,,,,
26050294_545686821T,final,raise_now,True,likely_complete,early stage vc,True,up,,14.642857,0.82633477,13.816522229999999,16.720247932929166,False,59.285714,,,,,25.0,,,,
55845274_951718297T,initial,raise_now,True,likely_complete,seed round,True,up,,2.071429,0.7,1.3714290000000002,1.9591842857142863,False,11.071429,,,,,25.0,,,,
55845274_951718297T,round_1,raise_now,True,likely_complete,seed round,True,up,,2.071429,0.7,1.3714290000000002,1.9591842857142863,False,11.071429,,,,,25.0,,,,
55845274_951718297T,round_2,raise_now,True,likely_complete,seed round,True,up,,2.071429,0.7,1.3714290000000002,1.9591842857142863,False,11.071429,,,,,25.0,,,,
55845274_951718297T,round_3,raise_now,True,likely_complete,seed round,True,up,,2.071429,0.7,1.3714290000000002,1.9591842857142863,False,11.071429,,,,,25.0,,,,
55845274_951718297T,final,raise_now,True,likely_complete,seed round,True,up,,2.071429,0.7,1.3714290000000002,1.9591842857142863,False,11.071429,,,,,25.0,,,,
55845274_269156833T,initial,raise_now,True,likely_complete,seed round,True,up,,1.285714,3.142495,1.8567809999999998,0.5908620379666475,False,2.142857,15.697907,13.555050000000001,0.8634940951045258,False,25.0,20.01856074,4.981439259999998,0.24884102931767502,True
55845274_269156833T,round_1,raise_now,True,likely_complete,seed round,True,up,,1.285714,3.142495,1.8567809999999998,0.5908620379666475,False,2.142857,15.697907,13.555050000000001,0.8634940951045258,False,25.0,20.01856074,4.981439259999998,0.24884102931767502,True
55845274_269156833T,round_2,raise_now,True,likely_complete,seed round,True,up,,1.285714,3.142495,1.8567809999999998,0.5908620379666475,False,2.142857,15.697907,13.555050000000001,0.8634940951045258,False,25.0,20.01856074,4.981439259999998,0.24884102931767502,True
55845274_269156833T,round_3,raise_now,True,likely_complete,seed round,True,up,,1.285714,3.142495,1.8567809999999998,0.5908620379666475,False,2.142857,15.697907,13.555050000000001,0.8634940951045258,False,25.0,20.01856074,4.981439259999998,0.24884102931767502,True
55845274_269156833T,final,raise_now,True,likely_complete,seed round,True,up,,1.285714,3.142495,1.8567809999999998,0.5908620379666475,False,2.142857,15.697907,13.555050000000001,0.8634940951045258,False,25.0,20.01856074,4.981439259999998,0.24884102931767502,True
56698470_648838575T,initial,raise_now,True,likely_complete,seed round,False,up,,4.785714,,,,,23.928571,15.0,8.928571000000002,0.5952380666666668,False,25.0,,,,
56698470_648838575T,round_1,raise_now,True,likely_complete,seed round,False,up,,4.785714,,,,,23.928571,15.0,8.928571000000002,0.5952380666666668,False,25.0,,,,
56698470_648838575T,round_2,raise_now,True,likely_complete,seed round,False,up,,4.785714,,,,,23.928571,15.0,8.928571000000002,0.5952380666666668,False,25.0,,,,
56698470_648838575T,round_3,raise_now,True,likely_complete,seed round,False,up,,4.785714,,,,,23.928571,15.0,8.928571000000002,0.5952380666666668,False,25.0,,,,
56698470_648838575T,final,raise_now,True,likely_complete,seed round,False,up,,4.785714,,,,,23.928571,15.0,8.928571000000002,0.5952380666666668,False,25.0,,,,
56698470_418076218T,initial,raise_now,True,likely_complete,early stage vc,True,up,,1.964286,0.37,1.5942859999999999,4.308881081081081,False,25.0,,,,,25.0,,,,
56698470_418076218T,round_1,raise_now,True,likely_complete,early stage vc,True,up,,1.964286,0.37,1.5942859999999999,4.308881081081081,False,25.0,,,,,25.0,,,,
56698470_418076218T,round_2,raise_now,True,likely_complete,early stage vc,True,up,,1.964286,0.37,1.5942859999999999,4.308881081081081,False,25.0,,,,,25.0,,,,
56698470_418076218T,round_3,raise_now,True,likely_complete,early stage vc,True,up,,1.964286,0.37,1.5942859999999999,4.308881081081081,False,25.0,,,,,25.0,,,,
56698470_418076218T,final,raise_now,True,likely_complete,early stage vc,True,up,,1.964286,0.37,1.5942859999999999,4.308881081081081,False,25.0,,,,,25.0,,,,
65829781_596811480T,initial,raise_now,True,likely_complete,early stage vc,True,up,,4.857143,,,,,24.285714,,,,,20.357143,,,,
65829781_596811480T,round_1,raise_now,True,likely_complete,early stage vc,True,up,,4.857143,,,,,24.285714,,,,,20.357143,,,,
65829781_596811480T,round_2,raise_now,True,likely_complete,early stage vc,True,up,,4.857143,,,,,24.285714,,,,,20.357143,,,,
65829781_596811480T,round_3,raise_now,True,likely_complete,early stage vc,True,up,,4.857143,,,,,24.285714,,,,,20.357143,,,,
65829781_596811480T,final,raise_now,True,likely_complete,early stage vc,True,up,,4.857143,,,,,24.285714,,,,,20.357143,,,,
65829781_005051561T,initial,raise_now,True,likely_complete,early stage vc,False,up,,2.357143,,,,,17.142857,,,,,25.0,,,,
65829781_005051561T,round_1,raise_now,True,likely_complete,early stage vc,False,up,,2.357143,,,,,17.142857,,,,,25.0,,,,
65829781_005051561T,round_2,raise_now,True,likely_complete,early stage vc,False,up,,2.357143,,,,,17.142857,,,,,25.0,,,,
65829781_005051561T,round_3,raise_now,True,likely_complete,early stage vc,False,up,,2.357143,,,,,17.142857,,,,,25.0,,,,
65829781_005051561T,final,raise_now,True,likely_complete,early stage vc,False,up,,2.357143,,,,,17.142857,,,,,25.0,,,,
82237047_660939529T,initial,raise_now,True,likely_complete,early stage vc,False,up,,2.464286,0.23692996,2.22735604,9.400904976306078,False,14.785714,,,,,25.0,,,,
82237047_660939529T,round_1,raise_now,True,likely_complete,early stage vc,False,up,,2.464286,0.23692996,2.22735604,9.400904976306078,False,14.785714,,,,,25.0,,,,
82237047_660939529T,round_2,raise_now,True,likely_complete,early stage vc,False,up,,2.464286,0.23692996,2.22735604,9.400904976306078,False,14.785714,,,,,25.0,,,,
82237047_660939529T,round_3,raise_now,True,likely_complete,early stage vc,False,up,,2.464286,0.23692996,2.22735604,9.400904976306078,False,14.785714,,,,,25.0,,,,
82237047_660939529T,final,raise_now,True,likely_complete,early stage vc,False,up,,2.464286,0.23692996,2.22735604,9.400904976306078,False,14.785714,,,,,25.0,,,,
82237047_094939993T,initial,raise_now,True,likely_complete,early stage vc,True,up,,0.75,0.8,0.050000000000000044,0.06250000000000006,True,1.0,4.3,3.3,0.7674418604651163,False,25.0,,,,
82237047_094939993T,round_1,raise_now,True,likely_complete,early stage vc,True,up,,0.75,0.8,0.050000000000000044,0.06250000000000006,True,1.0,4.3,3.3,0.7674418604651163,False,25.0,,,,
82237047_094939993T,round_2,raise_now,True,likely_complete,early stage vc,True,up,,0.75,0.8,0.050000000000000044,0.06250000000000006,True,1.0,4.3,3.3,0.7674418604651163,False,25.0,,,,
82237047_094939993T,round_3,raise_now,True,likely_complete,early stage vc,True,up,,0.75,0.8,0.050000000000000044,0.06250000000000006,True,1.0,4.3,3.3,0.7674418604651163,False,25.0,,,,
82237047_094939993T,final,raise_now,True,likely_complete,early stage vc,True,up,,0.75,0.8,0.050000000000000044,0.06250000000000006,True,1.0,4.3,3.3,0.7674418604651163,False,25.0,,,,
82237047_302141975T,initial,raise_now,True,likely_complete,early stage vc,False,up,,2.25,2.55275491,0.30275491,0.11859928613358342,True,6.75,,,,,25.0,,,,
82237047_302141975T,round_1,raise_now,True,likely_complete,early stage vc,False,up,,2.25,2.55275491,0.30275491,0.11859928613358342,True,6.75,,,,,25.0,,,,
82237047_302141975T,round_2,raise_now,True,likely_complete,early stage vc,False,up,,2.25,2.55275491,0.30275491,0.11859928613358342,True,6.75,,,,,25.0,,,,
82237047_302141975T,round_3,raise_now,True,likely_complete,early stage vc,False,up,,2.0,2.55275491,0.55275491,0.21653269878540748,True,6.0,,,,,25.0,,,,
82237047_302141975T,final,raise_now,True,likely_complete,early stage vc,False,up,,2.0,2.55275491,0.55275491,0.21653269878540748,True,6.0,,,,,25.0,,,,
87512028_605122136T,initial,raise_now,True,likely_complete,seed round,False,up,,2.392857,,,,,14.285714,,,,,25.0,,,,
87512028_605122136T,round_1,raise_now,True,likely_complete,seed round,False,up,,2.285714,,,,,13.214286,,,,,25.0,,,,
87512028_605122136T,round_2,raise_now,True,likely_complete,seed round,False,up,,2.285714,,,,,13.214286,,,,,25.0,,,,
87512028_605122136T,round_3,raise_now,True,likely_complete,seed round,False,up,,2.285714,,,,,13.214286,,,,,25.0,,,,
87512028_605122136T,final,raise_now,True,likely_complete,seed round,False,up,,2.285714,,,,,13.214286,,,,,25.0,,,,
87512028_919782061T,initial,raise_now,True,likely_complete,seed round,True,up,,2.071429,,,,,11.071429,,,,,25.0,,,,
87512028_919782061T,round_1,raise_now,True,likely_complete,seed round,True,up,,2.071429,,,,,11.071429,,,,,25.0,,,,
87512028_919782061T,round_2,raise_now,True,likely_complete,seed round,True,up,,2.071429,,,,,11.071429,,,,,25.0,,,,
87512028_919782061T,round_3,raise_now,True,likely_complete,seed round,True,up,,2.071429,,,,,11.071429,,,,,25.0,,,,
87512028_919782061T,final,raise_now,True,likely_complete,seed round,True,up,,2.071429,,,,,11.071429,,,,,25.0,,,,
97714444_926438972T,initial,raise_now,True,likely_complete,seed round,False,up,,1.964286,12.0,10.035714,0.8363095,False,14.642857,,,,,25.357143,,,,
97714444_926438972T,round_1,raise_now,True,likely_complete,seed round,False,up,,1.964286,12.0,10.035714,0.8363095,False,14.642857,,,,,25.357143,,,,
97714444_926438972T,round_2,raise_now,True,likely_complete,seed round,False,up,,1.964286,12.0,10.035714,0.8363095,False,14.642857,,,,,25.357143,,,,
97714444_926438972T,round_3,raise_now,True,likely_complete,seed round,False,up,,1.964286,12.0,10.035714,0.8363095,False,14.642857,,,,,25.357143,,,,
97714444_926438972T,final,raise_now,True,likely_complete,seed round,False,up,,1.964286,12.0,10.035714,0.8363095,False,14.642857,,,,,25.357143,,,,
101676742_333240762T,initial,raise_now,True,likely_complete,seed round,False,up,,1.964286,,,,,7.857143,,,,,25.0,,,,
101676742_333240762T,round_1,raise_now,True,likely_complete,seed round,False,up,,1.964286,,,,,7.857143,,,,,25.0,,,,
101676742_333240762T,round_2,raise_now,True,likely_complete,seed round,False,up,,1.964286,,,,,7.857143,,,,,25.0,,,,
101676742_333240762T,round_3,raise_now,True,likely_complete,seed round,False,up,,1.964286,,,,,7.857143,,,,,25.0,,,,
101676742_333240762T,final,raise_now,True,likely_complete,seed round,False,up,,1.964286,,,,,7.857143,,,,,25.0,,,,
103281360_917957046T,initial,raise_now,True,likely_complete,seed round,False,up,,0.678571,0.55393458,0.12463642000000008,0.22500205710212223,True,3.357143,,,,,33.0,,,,
103281360_917957046T,round_1,raise_now,True,likely_complete,seed round,False,up,,0.678571,0.55393458,0.12463642000000008,0.22500205710212223,True,3.357143,,,,,33.0,,,,
103281360_917957046T,round_2,raise_now,True,likely_complete,seed round,False,up,,0.678571,0.55393458,0.12463642000000008,0.22500205710212223,True,3.357143,,,,,33.0,,,,
103281360_917957046T,round_3,raise_now,True,likely_complete,seed round,False,up,,0.678571,0.55393458,0.12463642000000008,0.22500205710212223,True,3.357143,,,,,33.0,,,,
103281360_917957046T,final,raise_now,True,likely_complete,seed round,False,up,,0.678571,0.55393458,0.12463642000000008,0.22500205710212223,True,3.357143,,,,,33.0,,,,
108943275_273554390T,initial,raise_now,True,likely_complete,seed round,True,up,,2.464286,0.6,1.8642859999999999,3.107143333333333,False,14.785714,,,,,25.0,,,,
108943275_273554390T,round_1,raise_now,True,likely_complete,seed round,True,up,,2.464286,0.6,1.8642859999999999,3.107143333333333,False,14.785714,,,,,25.0,,,,
108943275_273554390T,round_2,raise_now,True,likely_complete,seed round,True,up,,2.464286,0.6,1.8642859999999999,3.107143333333333,False,14.785714,,,,,25.0,,,,
108943275_273554390T,round_3,raise_now,True,likely_complete,seed round,True,up,,2.464286,0.6,1.8642859999999999,3.107143333333333,False,14.785714,,,,,25.0,,,,
108943275_273554390T,final,raise_now,True,likely_complete,seed round,True,up,,2.464286,0.6,1.8642859999999999,3.107143333333333,False,14.785714,,,,,25.0,,,,
108943275_242536412T,initial,raise_now,True,likely_complete,seed round,False,up,,1.142857,2.728363,1.5855059999999999,0.5811198876395846,False,2.0,6.540691,4.540691,0.6942219101926692,False,25.0,46.8317837,21.831783700000003,0.46617450746382744,True
108943275_242536412T,round_1,raise_now,True,likely_complete,seed round,False,up,,1.228571,2.728363,1.4997919999999998,0.5497039800055931,False,2.0,6.540691,4.540691,0.6942219101926692,False,25.0,46.8317837,21.831783700000003,0.46617450746382744,True
108943275_242536412T,round_2,raise_now,True,likely_complete,seed round,False,up,,1.314286,2.728363,1.4140769999999998,0.5182877058514574,False,2.0,6.540691,4.540691,0.6942219101926692,False,25.0,46.8317837,21.831783700000003,0.46617450746382744,True
108943275_242536412T,round_3,raise_now,True,likely_complete,seed round,False,up,,1.314286,2.728363,1.4140769999999998,0.5182877058514574,False,2.0,6.540691,4.540691,0.6942219101926692,False,25.0,46.8317837,21.831783700000003,0.46617450746382744,True
108943275_242536412T,final,raise_now,True,likely_complete,seed round,False,up,,1.314286,2.728363,1.4140769999999998,0.5182877058514574,False,2.0,6.540691,4.540691,0.6942219101926692,False,25.0,46.8317837,21.831783700000003,0.46617450746382744,True
123268600_158462168T,initial,raise_now,True,likely_complete,seed round,True,up,,1.821429,,,,,13.214286,,,,,25.0,,,,
123268600_158462168T,round_1,raise_now,True,likely_complete,seed round,True,up,,1.735714,,,,,13.214286,,,,,25.0,,,,
123268600_158462168T,round_2,raise_now,True,likely_complete,seed round,True,up,,1.628571,,,,,12.142857,,,,,25.0,,,,
123268600_158462168T,round_3,raise_now,True,likely_complete,seed round,True,up,,1.285714,,,,,7.857143,,,,,25.0,,,,
123268600_158462168T,final,raise_now,True,likely_complete,seed round,True,up,,1.285714,,,,,7.857143,,,,,25.0,,,,
123268600_221012973T,initial,raise_now,True,likely_complete,seed round,True,up,,1.857143,,,,,5.714286,25.0,19.285714,0.7714285599999999,False,23.571429,,,,
123268600_221012973T,round_1,raise_now,True,likely_complete,seed round,True,up,,1.857143,,,,,5.714286,25.0,19.285714,0.7714285599999999,False,23.571429,,,,
123268600_221012973T,round_2,raise_now,True,likely_complete,seed round,True,up,,1.857143,,,,,5.714286,25.0,19.285714,0.7714285599999999,False,23.571429,,,,
123268600_221012973T,round_3,raise_now,True,likely_complete,seed round,True,up,,1.857143,,,,,5.714286,25.0,19.285714,0.7714285599999999,False,23.571429,,,,
123268600_221012973T,final,raise_now,True,likely_complete,seed round,True,up,,1.857143,,,,,5.714286,25.0,19.285714,0.7714285599999999,False,23.571429,,,,
123268600_143058813T,initial,raise_now,True,likely_complete,seed round,False,up,,0.678571,2.0,1.321429,0.6607145,False,2.857143,,,,,36.428571,,,,
123268600_143058813T,round_1,raise_now,True,likely_complete,seed round,False,up,,0.678571,2.0,1.321429,0.6607145,False,2.857143,,,,,36.428571,,,,
123268600_143058813T,round_2,raise_now,True,likely_complete,seed round,False,up,,0.678571,2.0,1.321429,0.6607145,False,2.857143,,,,,36.428571,,,,
123268600_143058813T,round_3,raise_now,True,likely_complete,seed round,False,up,,0.678571,2.0,1.321429,0.6607145,False,2.857143,,,,,36.428571,,,,
123268600_143058813T,final,raise_now,True,likely_complete,seed round,False,up,,0.678571,2.0,1.321429,0.6607145,False,2.857143,,,,,36.428571,,,,
134622385_526904228T,initial,raise_now,True,likely_complete,early stage vc,False,up,,2.357143,0.784,1.5731430000000002,2.006559948979592,False,9.428571,3.48,5.948570999999999,1.7093594827586205,False,25.0,,,,
134622385_526904228T,round_1,raise_now,True,likely_complete,early stage vc,False,up,,2.5,0.784,1.716,2.1887755102040813,False,10.0,3.48,6.52,1.8735632183908044,False,25.0,,,,
134622385_526904228T,round_2,raise_now,True,likely_complete,early stage vc,False,up,,2.5,0.784,1.716,2.1887755102040813,False,10.0,3.48,6.52,1.8735632183908044,False,25.0,,,,
134622385_526904228T,round_3,raise_now,True,likely_complete,early stage vc,False,up,,2.5,0.784,1.716,2.1887755102040813,False,10.0,3.48,6.52,1.8735632183908044,False,25.0,,,,
134622385_526904228T,final,raise_now,True,likely_complete,early stage vc,False,up,,2.5,0.784,1.716,2.1887755102040813,False,10.0,3.48,6.52,1.8735632183908044,False,25.0,,,,
134622385_762593770T,initial,raise_now,True,likely_complete,early stage vc,True,up,,1.5,2.2715,0.7715000000000001,0.33964340744001764,True,5.0,,,,,25.0,,,,
134622385_762593770T,round_1,raise_now,True,likely_complete,early stage vc,True,up,,1.5,2.2715,0.7715000000000001,0.33964340744001764,True,5.0,,,,,25.0,,,,
134622385_762593770T,round_2,raise_now,True,likely_complete,early stage vc,True,up,,1.5,2.2715,0.7715000000000001,0.33964340744001764,True,5.0,,,,,25.0,,,,
134622385_762593770T,round_3,raise_now,True,likely_complete,early stage vc,True,up,,1.5,2.2715,0.7715000000000001,0.33964340744001764,True,5.0,,,,,25.0,,,,
134622385_762593770T,final,raise_now,True,likely_complete,early stage vc,True,up,,1.5,2.2715,0.7715000000000001,0.33964340744001764,True,5.0,,,,,25.0,,,,
134622385_571168881T,initial,raise_now,True,likely_complete,early stage vc,False,up,,5.0,0.02320539,4.97679461,214.46718240891448,False,15.0,,,,,25.0,,,,
134622385_571168881T,round_1,raise_now,True,likely_complete,early stage vc,False,up,,5.0,0.02320539,4.97679461,214.46718240891448,False,15.0,,,,,25.0,,,,
134622385_571168881T,round_2,raise_now,True,likely_complete,early stage vc,False,up,,4.928571,0.02320539,4.90536561,211.3890613344572,False,14.785714,,,,,25.0,,,,
134622385_571168881T,round_3,raise_now,True,likely_complete,early stage vc,False,up,,4.928571,0.02320539,4.90536561,211.3890613344572,False,14.785714,,,,,25.0,,,,
134622385_571168881T,final,raise_now,True,likely_complete,early stage vc,False,up,,4.928571,0.02320539,4.90536561,211.3890613344572,False,14.785714,,,,,25.0,,,,
145718938_867839336T,initial,raise_now,True,likely_complete,seed round,False,up,,2.357143,,,,,13.571429,,,,,25.0,,,,
145718938_867839336T,round_1,raise_now,True,likely_complete,seed round,False,up,,2.357143,,,,,13.571429,,,,,25.0,,,,
145718938_867839336T,round_2,raise_now,True,likely_complete,seed round,False,up,,2.357143,,,,,13.571429,,,,,25.0,,,,
145718938_867839336T,round_3,raise_now,True,likely_complete,seed round,False,up,,2.357143,,,,,13.571429,,,,,25.0,,,,
145718938_867839336T,final,raise_now,True,likely_complete,seed round,False,up,,2.357143,,,,,13.571429,,,,,25.0,,,,
152916478_891084665T,initial,raise_now,True,likely_complete,seed round,True,up,,2.285714,0.68,1.6057139999999999,2.3613441176470586,False,13.642857,,,,,25.0,,,,
152916478_891084665T,round_1,raise_now,True,likely_complete,seed round,True,up,,2.285714,0.68,1.6057139999999999,2.3613441176470586,False,13.642857,,,,,25.0,,,,
152916478_891084665T,round_2,raise_now,True,likely_complete,seed round,True,up,,2.285714,0.68,1.6057139999999999,2.3613441176470586,False,13.642857,,,,,25.0,,,,
152916478_891084665T,round_3,raise_now,True,likely_complete,seed round,True,up,,2.285714,0.68,1.6057139999999999,2.3613441176470586,False,13.642857,,,,,25.0,,,,
152916478_891084665T,final,raise_now,True,likely_complete,seed round,True,up,,2.285714,0.68,1.6057139999999999,2.3613441176470586,False,13.642857,,,,,25.0,,,,
152916478_770543621T,initial,raise_now,True,likely_complete,early stage vc,False,up,,1.45,4.4,2.95,0.6704545454545454,False,2.321429,,,,,25.0,,,,
152916478_770543621T,round_1,raise_now,True,likely_complete,early stage vc,False,up,,1.45,4.4,2.95,0.6704545454545454,False,2.321429,,,,,25.0,,,,
152916478_770543621T,round_2,raise_now,True,likely_complete,early stage vc,False,up,,1.45,4.4,2.95,0.6704545454545454,False,2.321429,,,,,25.0,,,,
152916478_770543621T,round_3,raise_now,True,likely_complete,early stage vc,False,up,,1.45,4.4,2.95,0.6704545454545454,False,2.321429,,,,,25.0,,,,
152916478_770543621T,final,raise_now,True,likely_complete,early stage vc,False,up,,1.45,4.4,2.95,0.6704545454545454,False,2.321429,,,,,25.0,,,,
152916478_816603649T,initial,raise_now,True,likely_complete,early stage vc,False,up,,11.0,3.743051,7.2569490000000005,1.938779086899965,False,16.0,7.9,8.1,1.0253164556962024,False,25.0,47.38039446,22.380394459999998,0.4723555959183544,True
152916478_816603649T,round_1,raise_now,True,likely_complete,early stage vc,False,up,,11.0,3.743051,7.2569490000000005,1.938779086899965,False,16.0,7.9,8.1,1.0253164556962024,False,25.0,47.38039446,22.380394459999998,0.4723555959183544,True
152916478_816603649T,round_2,raise_now,True,likely_complete,early stage vc,False,up,,11.0,3.743051,7.2569490000000005,1.938779086899965,False,16.0,7.9,8.1,1.0253164556962024,False,25.0,47.38039446,22.380394459999998,0.4723555959183544,True
152916478_816603649T,round_3,raise_now,True,likely_complete,early stage vc,False,up,,11.0,3.743051,7.2569490000000005,1.938779086899965,False,16.0,7.9,8.1,1.0253164556962024,False,25.0,47.38039446,22.380394459999998,0.4723555959183544,True
152916478_816603649T,final,raise_now,True,likely_complete,early stage vc,False,up,,11.0,3.743051,7.2569490000000005,1.938779086899965,False,16.0,7.9,8.1,1.0253164556962024,False,25.0,47.38039446,22.380394459999998,0.4723555959183544,True
152916478_579647233T,initial,raise_now,True,likely_complete,early stage vc,False,up,True,5.142857,0.5,4.642857,9.285714,False,12.214286,9.999999,2.214286999999999,0.22142872214287207,True,35.0,54.25599884,19.255998839999997,0.3549100422385662,True
152916478_579647233T,round_1,raise_now,True,likely_complete,early stage vc,False,up,True,5.142857,0.5,4.642857,9.285714,False,12.214286,9.999999,2.214286999999999,0.22142872214287207,True,35.0,54.25599884,19.255998839999997,0.3549100422385662,True
152916478_579647233T,round_2,raise_now,True,likely_complete,early stage vc,False,up,True,5.142857,0.5,4.642857,9.285714,False,12.214286,9.999999,2.214286999999999,0.22142872214287207,True,35.0,54.25599884,19.255998839999997,0.3549100422385662,True
152916478_579647233T,round_3,raise_now,True,likely_complete,early stage vc,False,up,True,5.142857,0.5,4.642857,9.285714,False,12.214286,9.999999,2.214286999999999,0.22142872214287207,True,35.0,54.25599884,19.255998839999997,0.3549100422385662,True
152916478_579647233T,final,raise_now,True,likely_complete,early stage vc,False,up,True,5.142857,0.5,4.642857,9.285714,False,12.214286,9.999999,2.214286999999999,0.22142872214287207,True,35.0,54.25599884,19.255998839999997,0.3549100422385662,True
178378902_721357216T,initial,raise_now,True,likely_complete,early stage vc,True,up,,14.642857,,,,,58.571429,,,,,25.357143,,,,
178378902_721357216T,round_1,raise_now,True,likely_complete,early stage vc,True,up,,14.642857,,,,,58.571429,,,,,25.357143,,,,
178378902_721357216T,round_2,raise_now,True,likely_complete,early stage vc,True,up,,14.642857,,,,,58.571429,,,,,25.357143,,,,
178378902_721357216T,round_3,raise_now,True,likely_complete,early stage vc,True,up,,14.642857,,,,,58.571429,,,,,25.357143,,,,
178378902_721357216T,final,raise_now,True,likely_complete,early stage vc,True,up,,14.642857,,,,,58.571429,,,,,25.357143,,,,
197258275_777840969T,initial,raise_now,True,likely_complete,seed round,False,up,,2.392857,0.38880958,2.00404742,5.1543159507540945,False,9.642857,,,,,25.0,,,,
197258275_777840969T,round_1,raise_now,True,likely_complete,seed round,False,up,,2.392857,0.38880958,2.00404742,5.1543159507540945,False,9.642857,,,,,25.0,,,,
197258275_777840969T,round_2,raise_now,True,likely_complete,seed round,False,up,,2.392857,0.38880958,2.00404742,5.1543159507540945,False,9.642857,,,,,25.0,,,,
197258275_777840969T,round_3,raise_now,True,likely_complete,seed round,False,up,,2.392857,0.38880958,2.00404742,5.1543159507540945,False,9.642857,,,,,25.0,,,,
197258275_777840969T,final,raise_now,True,likely_complete,seed round,False,up,,2.392857,0.38880958,2.00404742,5.1543159507540945,False,9.642857,,,,,25.0,,,,
197258275_428207586T,initial,raise_now,True,likely_complete,early stage vc,False,up,,1.185714,,,,,2.185714,,,,,25.0,,,,
197258275_428207586T,round_1,raise_now,True,likely_complete,early stage vc,False,up,,1.185714,,,,,2.185714,,,,,25.0,,,,
197258275_428207586T,round_2,raise_now,True,likely_complete,early stage vc,False,up,,1.185714,,,,,2.185714,,,,,25.0,,,,
197258275_428207586T,round_3,raise_now,True,likely_complete,early stage vc,False,up,,1.185714,,,,,2.185714,,,,,25.0,,,,
197258275_428207586T,final,raise_now,True,likely_complete,early stage vc,False,up,,1.185714,,,,,2.185714,,,,,25.0,,,,
218034134_459544862T,initial,raise_now,True,likely_complete,seed round,False,up,,2.464286,3.592405,1.1281189999999999,0.3140289026432153,True,14.785714,7.292405,7.493309000000001,1.0275497589615499,False,25.0,49.2622823,24.262282300000003,0.4925123475247512,True
218034134_459544862T,round_1,raise_now,True,likely_complete,seed round,False,up,,2.464286,3.592405,1.1281189999999999,0.3140289026432153,True,14.785714,7.292405,7.493309000000001,1.0275497589615499,False,25.0,49.2622823,24.262282300000003,0.4925123475247512,True
218034134_459544862T,round_2,raise_now,True,likely_complete,seed round,False,up,,2.464286,3.592405,1.1281189999999999,0.3140289026432153,True,14.785714,7.292405,7.493309000000001,1.0275497589615499,False,25.0,49.2622823,24.262282300000003,0.4925123475247512,True
218034134_459544862T,round_3,raise_now,True,likely_complete,seed round,False,up,,2.464286,3.592405,1.1281189999999999,0.3140289026432153,True,14.785714,7.292405,7.493309000000001,1.0275497589615499,False,25.0,49.2622823,24.262282300000003,0.4925123475247512,True
218034134_459544862T,final,raise_now,True,likely_complete,seed round,False,up,,2.464286,3.592405,1.1281189999999999,0.3140289026432153,True,14.785714,7.292405,7.493309000000001,1.0275497589615499,False,25.0,49.2622823,24.262282300000003,0.4925123475247512,True
218034134_081995870T,initial,raise_now,True,likely_complete,early stage vc,True,up,True,7.292405,3.774843,3.5175619999999994,0.9318432581169599,False,14.58481,18.374842,3.790032000000002,0.20626201847068953,True,33.333333,57.82677559,24.493442589999994,0.4235657675894288,True
218034134_081995870T,round_1,raise_now,True,likely_complete,early stage vc,True,up,True,7.292405,3.774843,3.5175619999999994,0.9318432581169599,False,14.58481,18.374842,3.790032000000002,0.20626201847068953,True,33.333333,57.82677559,24.493442589999994,0.4235657675894288,True
218034134_081995870T,round_2,raise_now,True,likely_complete,early stage vc,True,up,True,7.292405,3.774843,3.5175619999999994,0.9318432581169599,False,14.58481,18.374842,3.790032000000002,0.20626201847068953,True,33.333333,57.82677559,24.493442589999994,0.4235657675894288,True
218034134_081995870T,round_3,raise_now,True,likely_complete,early stage vc,True,up,True,7.292405,3.774843,3.5175619999999994,0.9318432581169599,False,14.58481,18.374842,3.790032000000002,0.20626201847068953,True,33.333333,57.82677559,24.493442589999994,0.4235657675894288,True
218034134_081995870T,final,raise_now,True,likely_complete,early stage vc,True,up,True,7.292405,3.774843,3.5175619999999994,0.9318432581169599,False,14.58481,18.374842,3.790032000000002,0.20626201847068953,True,33.333333,57.82677559,24.493442589999994,0.4235657675894288,True
218034134_879239922T,initial,raise_now,True,likely_complete,early stage vc,True,up,True,5.0,3.25,1.75,0.5384615384615384,False,23.0,32.75,9.75,0.29770992366412213,True,35.0,61.7447138,26.7447138,0.433149854522445,True
218034134_879239922T,round_1,raise_now,True,likely_complete,early stage vc,True,up,True,5.0,3.25,1.75,0.5384615384615384,False,23.0,32.75,9.75,0.29770992366412213,True,35.0,61.7447138,26.7447138,0.433149854522445,True
218034134_879239922T,round_2,raise_now,True,likely_complete,early stage vc,True,up,True,5.0,3.25,1.75,0.5384615384615384,False,23.0,32.75,9.75,0.29770992366412213,True,35.0,61.7447138,26.7447138,0.433149854522445,True
218034134_879239922T,round_3,raise_now,True,likely_complete,early stage vc,True,up,True,5.0,3.25,1.75,0.5384615384615384,False,23.0,32.75,9.75,0.29770992366412213,True,35.0,61.7447138,26.7447138,0.433149854522445,True
218034134_879239922T,final,raise_now,True,likely_complete,early stage vc,True,up,True,5.0,3.25,1.75,0.5384615384615384,False,23.0,32.75,9.75,0.29770992366412213,True,35.0,61.7447138,26.7447138,0.433149854522445,True
218034134_453064052T,initial,raise_now,True,likely_complete,early stage vc,False,up,True,5.142857,21.749998,16.607141000000002,0.7635467828548766,False,45.0,90.999993,45.999993,0.5054944674556184,False,35.0,68.05188141,33.05188140999999,0.485686519243583,True
218034134_453064052T,round_1,raise_now,True,likely_complete,early stage vc,False,up,True,5.142857,21.749998,16.607141000000002,0.7635467828548766,False,45.0,90.999993,45.999993,0.5054944674556184,False,35.0,68.05188141,33.05188140999999,0.485686519243583,True
218034134_453064052T,round_2,raise_now,True,likely_complete,early stage vc,False,up,True,6.428571,21.749998,15.321427000000002,0.7044334900628497,False,45.0,90.999993,45.999993,0.5054944674556184,False,35.0,68.05188141,33.05188140999999,0.485686519243583,True
218034134_453064052T,round_3,raise_now,True,likely_complete,early stage vc,False,up,True,6.428571,21.749998,15.321427000000002,0.7044334900628497,False,45.0,90.999993,45.999993,0.5054944674556184,False,35.0,68.05188141,33.05188140999999,0.485686519243583,True
218034134_453064052T,final,raise_now,True,likely_complete,early stage vc,False,up,True,6.428571,21.749998,15.321427000000002,0.7044334900628497,False,45.0,90.999993,45.999993,0.5054944674556184,False,35.0,68.05188141,33.05188140999999,0.485686519243583,True
218034134_154346820T,initial,raise_now,True,likely_complete,later stage vc,True,up,False,50.0,29.5,20.5,0.6949152542372882,False,150.0,100.0,50.0,0.5,True,55.0,76.87188979,21.871889789999997,0.2845238987847185,True
218034134_154346820T,round_1,raise_now,True,likely_complete,later stage vc,True,up,False,50.0,29.5,20.5,0.6949152542372882,False,150.0,100.0,50.0,0.5,True,55.0,76.87188979,21.871889789999997,0.2845238987847185,True
218034134_154346820T,round_2,raise_now,True,likely_complete,later stage vc,True,up,False,50.0,29.5,20.5,0.6949152542372882,False,150.0,100.0,50.0,0.5,True,55.0,76.87188979,21.871889789999997,0.2845238987847185,True
218034134_154346820T,round_3,raise_now,True,likely_complete,later stage vc,True,up,False,50.0,29.5,20.5,0.6949152542372882,False,150.0,100.0,50.0,0.5,True,55.0,76.87188979,21.871889789999997,0.2845238987847185,True
218034134_154346820T,final,raise_now,True,likely_complete,later stage vc,True,up,False,50.0,29.5,20.5,0.6949152542372882,False,150.0,100.0,50.0,0.5,True,55.0,76.87188979,21.871889789999997,0.2845238987847185,True
218034134_219205641T,initial,raise_now,True,likely_complete,later stage vc,True,up,True,50.0,56.0,6.0,0.10714285714285714,True,150.0,272.122252,122.122252,0.44877716211168206,True,55.0,68.84203287,13.842032869999997,0.20106949625004583,True
218034134_219205641T,round_1,raise_now,True,likely_complete,later stage vc,True,up,True,50.0,56.0,6.0,0.10714285714285714,True,150.0,272.122252,122.122252,0.44877716211168206,True,55.0,68.84203287,13.842032869999997,0.20106949625004583,True
218034134_219205641T,round_2,raise_now,True,likely_complete,later stage vc,True,up,True,50.0,56.0,6.0,0.10714285714285714,True,150.0,272.122252,122.122252,0.44877716211168206,True,55.0,68.84203287,13.842032869999997,0.20106949625004583,True
218034134_219205641T,round_3,raise_now,True,likely_complete,later stage vc,True,up,True,50.0,56.0,6.0,0.10714285714285714,True,150.0,272.122252,122.122252,0.44877716211168206,True,55.0,68.84203287,13.842032869999997,0.20106949625004583,True
218034134_219205641T,final,raise_now,True,likely_complete,later stage vc,True,up,True,50.0,56.0,6.0,0.10714285714285714,True,150.0,272.122252,122.122252,0.44877716211168206,True,55.0,68.84203287,13.842032869999997,0.20106949625004583,True
218034134_432173479T,initial,raise_now,True,likely_complete,later stage vc,True,up,,67.857143,,,,,385.714286,,,,,58.571429,,,,
218034134_432173479T,round_1,raise_now,True,likely_complete,later stage vc,True,up,,67.857143,,,,,385.714286,,,,,58.571429,,,,
218034134_432173479T,round_2,raise_now,True,likely_complete,later stage vc,True,up,,67.857143,,,,,385.714286,,,,,58.571429,,,,
218034134_432173479T,round_3,raise_now,True,likely_complete,later stage vc,True,up,,67.857143,,,,,385.714286,,,,,58.571429,,,,
218034134_432173479T,final,raise_now,True,likely_complete,later stage vc,True,up,,67.857143,,,,,385.714286,,,,,58.571429,,,,
218034134_144126445T,initial,raise_now,True,likely_complete,later stage vc,True,up,,67.857143,83.0,15.142857000000006,0.18244406024096393,True,327.714286,1100.0,772.285714,0.7020779218181818,False,35.0,71.92978733,36.929787329999996,0.5134143822860653,False
218034134_144126445T,round_1,raise_now,True,likely_complete,later stage vc,True,up,,67.857143,83.0,15.142857000000006,0.18244406024096393,True,327.714286,1100.0,772.285714,0.7020779218181818,False,35.0,71.92978733,36.929787329999996,0.5134143822860653,False
218034134_144126445T,round_2,raise_now,True,likely_complete,later stage vc,True,up,,66.071429,83.0,16.928571000000005,0.20395868674698803,True,322.142857,1100.0,777.857143,0.7071428572727272,False,35.0,71.92978733,36.929787329999996,0.5134143822860653,False
218034134_144126445T,round_3,raise_now,True,likely_complete,later stage vc,True,up,,66.071429,83.0,16.928571000000005,0.20395868674698803,True,322.142857,1100.0,777.857143,0.7071428572727272,False,35.0,71.92978733,36.929787329999996,0.5134143822860653,False
218034134_144126445T,final,raise_now,True,likely_complete,later stage vc,True,up,,66.071429,83.0,16.928571000000005,0.20395868674698803,True,322.142857,1100.0,777.857143,0.7071428572727272,False,35.0,71.92978733,36.929787329999996,0.5134143822860653,False
218034134_616369767T,initial,raise_now,True,likely_complete,later stage vc,True,up,,100.0,,,,,1200.0,,,,,70.0,,,,
218034134_616369767T,round_1,raise_now,True,likely_complete,later stage vc,True,up,,100.0,,,,,1200.0,,,,,70.0,,,,
218034134_616369767T,round_2,raise_now,True,likely_complete,later stage vc,True,up,,100.0,,,,,1200.0,,,,,70.0,,,,
218034134_616369767T,round_3,raise_now,True,likely_complete,later stage vc,True,up,,100.0,,,,,1200.0,,,,,70.0,,,,
218034134_616369767T,final,raise_now,True,likely_complete,later stage vc,True,up,,100.0,,,,,1200.0,,,,,70.0,,,,
218034134_402957630T,initial,raise_now,True,likely_complete,early stage vc,False,up,,15.714286,,,,,62.857143,,,,,24.642857,,,,
218034134_402957630T,round_1,raise_now,True,likely_complete,early stage vc,False,up,,15.714286,,,,,62.857143,,,,,24.642857,,,,
218034134_402957630T,round_2,raise_now,True,likely_complete,early stage vc,False,up,,15.714286,,,,,62.857143,,,,,24.642857,,,,
218034134_402957630T,round_3,raise_now,True,likely_complete,early stage vc,False,up,,15.714286,,,,,62.857143,,,,,24.642857,,,,
218034134_402957630T,final,raise_now,True,likely_complete,early stage vc,False,up,,15.714286,,,,,62.857143,,,,,24.642857,,,,
231347739_136848807T,initial,raise_now,True,likely_complete,seed round,False,up,,1.964286,,,,,14.642857,,,,,25.0,,,,
231347739_136848807T,round_1,raise_now,True,likely_complete,seed round,False,up,,1.964286,,,,,14.642857,,,,,25.0,,,,
231347739_136848807T,round_2,raise_now,True,likely_complete,seed round,False,up,,1.964286,,,,,14.642857,,,,,25.0,,,,
231347739_136848807T,round_3,raise_now,True,likely_complete,seed round,False,up,,1.964286,,,,,14.642857,,,,,25.0,,,,
231347739_136848807T,final,raise_now,True,likely_complete,seed round,False,up,,1.964286,,,,,14.642857,,,,,25.0,,,,
231347739_333822497T,initial,raise_now,True,likely_complete,seed round,False,up,,1.964286,,,,,7.857143,,,,,25.357143,,,,
231347739_333822497T,round_1,raise_now,True,likely_complete,seed round,False,up,,1.964286,,,,,7.857143,,,,,25.357143,,,,
231347739_333822497T,round_2,raise_now,True,likely_complete,seed round,False,up,,1.964286,,,,,7.857143,,,,,25.357143,,,,
231347739_333822497T,round_3,raise_now,True,likely_complete,seed round,False,up,,1.964286,,,,,7.857143,,,,,25.357143,,,,
231347739_333822497T,final,raise_now,True,likely_complete,seed round,False,up,,1.964286,,,,,7.857143,,,,,25.357143,,,,
231347739_424651955T,initial,raise_now,True,likely_complete,seed round,False,up,,2.0,,,,,15.0,,,,,25.0,,,,
231347739_424651955T,round_1,raise_now,True,likely_complete,seed round,False,up,,2.0,,,,,15.0,,,,,25.0,,,,
231347739_424651955T,round_2,raise_now,True,likely_complete,seed round,False,up,,2.0,,,,,15.0,,,,,25.0,,,,
231347739_424651955T,round_3,raise_now,True,likely_complete,seed round,False,up,,2.0,,,,,15.0,,,,,25.0,,,,
231347739_424651955T,final,raise_now,True,likely_complete,seed round,False,up,,2.0,,,,,15.0,,,,,25.0,,,,
235333785_926885698T,initial,raise_now,True,likely_complete,seed round,True,up,,2.392857,,,,,14.285714,,,,,25.0,,,,
235333785_926885698T,round_1,raise_now,True,likely_complete,seed round,True,up,,2.392857,,,,,14.285714,,,,,25.0,,,,
235333785_926885698T,round_2,raise_now,True,likely_complete,seed round,True,up,,2.392857,,,,,14.285714,,,,,25.0,,,,
235333785_926885698T,round_3,raise_now,True,likely_complete,seed round,True,up,,2.392857,,,,,14.285714,,,,,25.0,,,,
235333785_926885698T,final,raise_now,True,likely_complete,seed round,True,up,,2.392857,,,,,14.285714,,,,,25.0,,,,
235333785_512198052T,initial,raise_now,True,likely_complete,seed round,True,up,,1.964286,,,,,5.857143,,,,,25.0,,,,
235333785_512198052T,round_1,raise_now,True,likely_complete,seed round,True,up,,1.964286,,,,,5.857143,,,,,25.0,,,,
235333785_512198052T,round_2,raise_now,True,likely_complete,seed round,True,up,,1.964286,,,,,5.857143,,,,,25.0,,,,
235333785_512198052T,round_3,raise_now,True,likely_complete,seed round,True,up,,1.964286,,,,,5.857143,,,,,25.0,,,,
235333785_512198052T,final,raise_now,True,likely_complete,seed round,True,up,,1.964286,,,,,5.857143,,,,,25.0,,,,
235333785_967381543T,initial,raise_now,True,likely_complete,early stage vc,False,up,,2.714286,,,,,17.142857,,,,,25.0,,,,
235333785_967381543T,round_1,raise_now,True,likely_complete,early stage vc,False,up,,2.714286,,,,,17.142857,,,,,25.0,,,,
235333785_967381543T,round_2,raise_now,True,likely_complete,early stage vc,False,up,,2.714286,,,,,17.142857,,,,,25.0,,,,
235333785_967381543T,round_3,raise_now,True,likely_complete,early stage vc,False,up,,2.714286,,,,,17.142857,,,,,25.0,,,,
235333785_967381543T,final,raise_now,True,likely_complete,early stage vc,False,up,,2.714286,,,,,17.142857,,,,,25.0,,,,
237064839_347016227T,initial,raise_now,True,likely_complete,early stage vc,False,up,,4.857143,0.75943426,4.09770874,5.395738585720375,False,24.285714,,,,,25.0,,,,
237064839_347016227T,round_1,raise_now,True,likely_complete,early stage vc,False,up,,4.857143,0.75943426,4.09770874,5.395738585720375,False,24.285714,,,,,25.0,,,,
237064839_347016227T,round_2,raise_now,True,likely_complete,early stage vc,False,up,,4.857143,0.75943426,4.09770874,5.395738585720375,False,24.285714,,,,,25.0,,,,
237064839_347016227T,round_3,raise_now,True,likely_complete,early stage vc,False,up,,4.857143,0.75943426,4.09770874,5.395738585720375,False,24.285714,,,,,25.0,,,,
237064839_347016227T,final,raise_now,True,likely_complete,early stage vc,False,up,,4.857143,0.75943426,4.09770874,5.395738585720375,False,24.285714,,,,,25.0,,,,
237064839_464653343T,initial,raise_now,True,likely_complete,early stage vc,False,up,,1.5,2.05101883,0.5510188299999998,0.26865615368338663,True,3.0,,,,,25.0,,,,
237064839_464653343T,round_1,raise_now,True,likely_complete,early stage vc,False,up,,1.5,2.05101883,0.5510188299999998,0.26865615368338663,True,3.0,,,,,25.0,,,,
237064839_464653343T,round_2,raise_now,True,likely_complete,early stage vc,False,up,,1.5,2.05101883,0.5510188299999998,0.26865615368338663,True,3.0,,,,,25.0,,,,
237064839_464653343T,round_3,raise_now,True,likely_complete,early stage vc,False,up,,1.5,2.05101883,0.5510188299999998,0.26865615368338663,True,3.0,,,,,25.0,,,,
237064839_464653343T,final,raise_now,True,likely_complete,early stage vc,False,up,,1.5,2.05101883,0.5510188299999998,0.26865615368338663,True,3.0,,,,,25.0,,,,
237064839_984415763T,initial,raise_now,True,likely_complete,early stage vc,False,up,,5.0,4.77143715,0.22856285000000032,0.04790230758881532,True,15.0,,,,,25.0,,,,
237064839_984415763T,round_1,raise_now,True,likely_complete,early stage vc,False,up,,5.0,4.77143715,0.22856285000000032,0.04790230758881532,True,15.0,,,,,25.0,,,,
237064839_984415763T,round_2,raise_now,True,likely_complete,early stage vc,False,up,,5.0,4.77143715,0.22856285000000032,0.04790230758881532,True,15.0,,,,,25.0,,,,
237064839_984415763T,round_3,raise_now,True,likely_complete,early stage vc,False,up,,5.0,4.77143715,0.22856285000000032,0.04790230758881532,True,15.0,,,,,25.0,,,,
237064839_984415763T,final,raise_now,True,likely_complete,early stage vc,False,up,,5.0,4.77143715,0.22856285000000032,0.04790230758881532,True,15.0,,,,,25.0,,,,
237064839_429896018T,initial,raise_now,True,likely_complete,later stage vc,True,up,,15.0,8.77657046,6.22342954,0.7090958328613475,False,23.0,,,,,25.0,,,,
237064839_429896018T,round_1,raise_now,True,likely_complete,later stage vc,True,up,,15.0,8.77657046,6.22342954,0.7090958328613475,False,23.0,,,,,25.0,,,,
237064839_429896018T,round_2,raise_now,True,likely_complete,later stage vc,True,up,,15.0,8.77657046,6.22342954,0.7090958328613475,False,23.0,,,,,25.0,,,,
237064839_429896018T,round_3,raise_now,True,likely_complete,later stage vc,True,up,,15.0,8.77657046,6.22342954,0.7090958328613475,False,23.0,,,,,25.0,,,,
237064839_429896018T,final,raise_now,True,likely_complete,later stage vc,True,up,,15.0,8.77657046,6.22342954,0.7090958328613475,False,23.0,,,,,25.0,,,,
237064839_294402250T,initial,raise_now,True,likely_complete,later stage vc,True,up,,12.0,,,,,28.0,,,,,25.0,,,,
237064839_294402250T,round_1,raise_now,True,likely_complete,later stage vc,True,up,,12.0,,,,,28.0,,,,,25.0,,,,
237064839_294402250T,round_2,raise_now,True,likely_complete,later stage vc,True,up,,12.0,,,,,28.0,,,,,25.0,,,,
237064839_294402250T,round_3,raise_now,True,likely_complete,later stage vc,True,up,,12.0,,,,,28.0,,,,,25.0,,,,
237064839_294402250T,final,raise_now,True,likely_complete,later stage vc,True,up,,12.0,,,,,28.0,,,,,25.0,,,,
237064839_250030501T,initial,raise_now,True,likely_complete,seed round,False,up,,4.928571,,,,,14.785714,,,,,25.357143,,,,
237064839_250030501T,round_1,raise_now,True,likely_complete,seed round,False,up,,4.928571,,,,,14.785714,,,,,25.357143,,,,
237064839_250030501T,round_2,raise_now,True,likely_complete,seed round,False,up,,4.928571,,,,,14.785714,,,,,25.357143,,,,
237064839_250030501T,round_3,raise_now,True,likely_complete,seed round,False,up,,4.928571,,,,,14.785714,,,,,25.357143,,,,
237064839_250030501T,final,raise_now,True,likely_complete,seed round,False,up,,4.928571,,,,,14.785714,,,,,25.357143,,,,
244615093_239723562T,initial,raise_now,True,likely_complete,early stage vc,False,up,,2.535714,21.5,18.964286,0.8820598139534884,False,15.214286,,,,,25.0,,,,
244615093_239723562T,round_1,raise_now,True,likely_complete,seed round,True,up,,2.535714,21.5,18.964286,0.8820598139534884,False,15.214286,,,,,25.0,,,,
244615093_239723562T,round_2,raise_now,True,likely_complete,seed round,True,up,,2.535714,21.5,18.964286,0.8820598139534884,False,15.214286,,,,,25.0,,,,
244615093_239723562T,round_3,raise_now,True,likely_complete,seed round,True,up,,2.535714,21.5,18.964286,0.8820598139534884,False,15.214286,,,,,25.0,,,,
244615093_239723562T,final,raise_now,True,likely_complete,seed round,True,up,,2.535714,21.5,18.964286,0.8820598139534884,False,15.214286,,,,,25.0,,,,
251218500_987004488T,initial,raise_now,True,likely_complete,early stage vc,True,up,,5.0,43.32547801,38.32547801,0.8845944642815956,False,15.0,,,,,33.0,,,,
251218500_987004488T,round_1,raise_now,True,likely_complete,early stage vc,True,up,,5.0,43.32547801,38.32547801,0.8845944642815956,False,15.0,,,,,33.0,,,,
251218500_987004488T,round_2,raise_now,True,likely_complete,early stage vc,True,up,,5.0,43.32547801,38.32547801,0.8845944642815956,False,15.0,,,,,33.0,,,,
251218500_987004488T,round_3,raise_now,True,likely_complete,early stage vc,True,up,,5.0,43.32547801,38.32547801,0.8845944642815956,False,15.0,,,,,33.0,,,,
251218500_987004488T,final,raise_now,True,likely_complete,early stage vc,True,up,,5.0,43.32547801,38.32547801,0.8845944642815956,False,15.0,,,,,33.0,,,,
258737782_154380057T,initial,raise_now,True,likely_complete,early stage vc,True,up,,2.464286,,,,,14.785714,,,,,25.0,,,,
258737782_154380057T,round_1,raise_now,True,likely_complete,early stage vc,True,up,,2.464286,,,,,14.785714,,,,,25.0,,,,
258737782_154380057T,round_2,raise_now,True,likely_complete,early stage vc,True,up,,2.464286,,,,,14.785714,,,,,25.0,,,,
258737782_154380057T,round_3,raise_now,True,likely_complete,early stage vc,True,up,,2.464286,,,,,14.785714,,,,,25.0,,,,
258737782_154380057T,final,raise_now,True,likely_complete,early stage vc,True,up,,2.464286,,,,,14.785714,,,,,25.0,,,,
258737782_024706118T,initial,raise_now,True,likely_complete,early stage vc,False,up,,2.714286,2.16428433,0.5500016699999999,0.25412634669863354,True,17.142857,,,,,25.0,,,,
258737782_024706118T,round_1,raise_now,True,likely_complete,early stage vc,False,up,,2.714286,2.16428433,0.5500016699999999,0.25412634669863354,True,17.142857,,,,,25.0,,,,
258737782_024706118T,round_2,raise_now,True,likely_complete,early stage vc,False,up,,2.714286,2.16428433,0.5500016699999999,0.25412634669863354,True,17.142857,,,,,25.0,,,,
258737782_024706118T,round_3,raise_now,True,likely_complete,early stage vc,False,up,,2.714286,2.16428433,0.5500016699999999,0.25412634669863354,True,17.142857,,,,,25.0,,,,
258737782_024706118T,final,raise_now,True,likely_complete,early stage vc,False,up,,2.714286,2.16428433,0.5500016699999999,0.25412634669863354,True,17.142857,,,,,25.0,,,,
259017326_200002115T,initial,raise_now,True,likely_complete,seed round,False,up,,4.785714,,,,,23.928571,,,,,20.357143,,,,
259017326_200002115T,round_1,raise_now,True,likely_complete,seed round,False,up,,4.785714,,,,,23.928571,,,,,20.357143,,,,
259017326_200002115T,round_2,raise_now,True,likely_complete,seed round,False,up,,4.785714,,,,,23.928571,,,,,20.357143,,,,
259017326_200002115T,round_3,raise_now,True,likely_complete,seed round,False,up,,4.785714,,,,,23.928571,,,,,20.357143,,,,
259017326_200002115T,final,raise_now,True,likely_complete,seed round,False,up,,4.785714,,,,,23.928571,,,,,20.357143,,,,
272749505_362847404T,initial,raise_now,True,likely_complete,seed round,False,up,,4.785714,,,,,14.357143,,,,,25.592857,,,,
272749505_362847404T,round_1,raise_now,True,likely_complete,seed round,False,up,,4.785714,,,,,14.357143,,,,,25.592857,,,,
272749505_362847404T,round_2,raise_now,True,likely_complete,seed round,False,up,,4.785714,,,,,14.357143,,,,,25.592857,,,,
272749505_362847404T,round_3,raise_now,True,likely_complete,seed round,False,up,,4.785714,,,,,14.357143,,,,,25.592857,,,,
272749505_362847404T,final,raise_now,True,likely_complete,seed round,False,up,,4.785714,,,,,14.357143,,,,,25.592857,,,,
282137071_852523686T,initial,raise_now,True,likely_complete,seed round,False,up,,2.464286,,,,,14.785714,,,,,25.0,,,,
282137071_852523686T,round_1,raise_now,True,likely_complete,seed round,False,up,,2.464286,,,,,14.785714,,,,,25.0,,,,
282137071_852523686T,round_2,raise_now,True,likely_complete,seed round,False,up,,2.464286,,,,,14.785714,,,,,25.0,,,,
282137071_852523686T,round_3,raise_now,True,likely_complete,seed round,False,up,,2.464286,,,,,14.785714,,,,,25.0,,,,
282137071_852523686T,final,raise_now,True,likely_complete,seed round,False,up,,2.464286,,,,,14.785714,,,,,25.0,,,,
309612945_230497494T,initial,raise_now,True,likely_complete,seed round,True,up,,4.785714,,,,,23.928571,,,,,25.0,,,,
309612945_230497494T,round_1,raise_now,True,likely_complete,seed round,True,up,,4.785714,,,,,23.928571,,,,,25.0,,,,
309612945_230497494T,round_2,raise_now,True,likely_complete,seed round,True,up,,4.785714,,,,,23.928571,,,,,25.0,,,,
309612945_230497494T,round_3,raise_now,True,likely_complete,seed round,True,up,,4.785714,,,,,23.928571,,,,,25.0,,,,
309612945_230497494T,final,raise_now,True,likely_complete,seed round,True,up,,4.785714,,,,,23.928571,,,,,25.0,,,,
314608694_756469071T,initial,raise_now,True,likely_complete,early stage vc,False,up,,4.785714,,,,,23.928571,,,,,25.0,,,,
314608694_756469071T,round_1,raise_now,True,likely_complete,early stage vc,False,up,,4.785714,,,,,23.928571,,,,,25.0,,,,
314608694_756469071T,round_2,raise_now,True,likely_complete,early stage vc,False,up,,4.785714,,,,,23.928571,,,,,25.0,,,,
314608694_756469071T,round_3,raise_now,True,likely_complete,early stage vc,False,up,,4.785714,,,,,23.928571,,,,,25.0,,,,
314608694_756469071T,final,raise_now,True,likely_complete,early stage vc,False,up,,4.785714,,,,,23.928571,,,,,25.0,,,,
318177349_458794049T,initial,raise_now,True,likely_complete,seed round,True,up,,2.071429,1.47731582,0.5941131800000001,0.40215719073528916,True,11.071429,,,,,25.0,,,,
318177349_458794049T,round_1,raise_now,True,likely_complete,seed round,True,up,,2.071429,1.47731582,0.5941131800000001,0.40215719073528916,True,11.071429,,,,,25.0,,,,
318177349_458794049T,round_2,raise_now,True,likely_complete,seed round,True,up,,2.071429,1.47731582,0.5941131800000001,0.40215719073528916,True,11.071429,,,,,25.0,,,,
318177349_458794049T,round_3,raise_now,True,likely_complete,seed round,True,up,,2.071429,1.47731582,0.5941131800000001,0.40215719073528916,True,11.071429,,,,,25.0,,,,
318177349_458794049T,final,raise_now,True,likely_complete,seed round,True,up,,2.071429,1.47731582,0.5941131800000001,0.40215719073528916,True,11.071429,,,,,25.0,,,,
331443735_753371340T,initial,raise_now,True,likely_complete,seed round,False,up,,1.964286,,,,,14.642857,,,,,25.0,,,,
331443735_753371340T,round_1,raise_now,True,likely_complete,seed round,False,up,,1.964286,,,,,14.642857,,,,,25.0,,,,
331443735_753371340T,round_2,raise_now,True,likely_complete,seed round,False,up,,1.964286,,,,,14.642857,,,,,25.0,,,,
331443735_753371340T,round_3,raise_now,True,likely_complete,seed round,False,up,,1.964286,,,,,14.642857,,,,,25.0,,,,
331443735_753371340T,final,raise_now,True,likely_complete,seed round,False,up,,1.964286,,,,,14.642857,,,,,25.0,,,,
339444541_771219396T,initial,raise_now,True,likely_complete,early stage vc,True,up,,11.071429,1.0,10.071429,10.071429,False,51.071429,2.0,49.071429,24.5357145,False,25.357143,52.907,27.549856999999996,0.5207223429791898,False
339444541_771219396T,round_1,raise_now,True,likely_complete,early stage vc,True,up,,11.071429,1.0,10.071429,10.071429,False,51.071429,2.0,49.071429,24.5357145,False,25.357143,52.907,27.549856999999996,0.5207223429791898,False
339444541_771219396T,round_2,raise_now,True,likely_complete,early stage vc,True,up,,11.071429,1.0,10.071429,10.071429,False,51.071429,2.0,49.071429,24.5357145,False,25.357143,52.907,27.549856999999996,0.5207223429791898,False
339444541_771219396T,round_3,raise_now,True,likely_complete,early stage vc,True,up,,11.071429,1.0,10.071429,10.071429,False,51.071429,2.0,49.071429,24.5357145,False,25.357143,52.907,27.549856999999996,0.5207223429791898,False
339444541_771219396T,final,raise_now,True,likely_complete,early stage vc,True,up,,11.071429,1.0,10.071429,10.071429,False,51.071429,2.0,49.071429,24.5357145,False,25.357143,52.907,27.549856999999996,0.5207223429791898,False
374175356_767844503T,initial,raise_now,True,likely_complete,seed round,False,up,,2.392857,0.18086457,2.2119924299999996,12.230103607356595,False,9.642857,0.89954929,8.74330771,9.719653839090908,False,25.0,20.10613208,4.893867920000002,0.24340175925075302,True
374175356_767844503T,round_1,raise_now,True,likely_complete,seed round,False,up,,2.392857,0.18086457,2.2119924299999996,12.230103607356595,False,9.642857,0.89954929,8.74330771,9.719653839090908,False,25.0,20.10613208,4.893867920000002,0.24340175925075302,True
374175356_767844503T,round_2,raise_now,True,likely_complete,seed round,False,up,,2.392857,0.18086457,2.2119924299999996,12.230103607356595,False,9.642857,0.89954929,8.74330771,9.719653839090908,False,25.0,20.10613208,4.893867920000002,0.24340175925075302,True
374175356_767844503T,round_3,raise_now,True,likely_complete,seed round,False,up,,2.392857,0.18086457,2.2119924299999996,12.230103607356595,False,9.642857,0.89954929,8.74330771,9.719653839090908,False,25.0,20.10613208,4.893867920000002,0.24340175925075302,True
374175356_767844503T,final,raise_now,True,likely_complete,seed round,False,up,,2.392857,0.18086457,2.2119924299999996,12.230103607356595,False,9.642857,0.89954929,8.74330771,9.719653839090908,False,25.0,20.10613208,4.893867920000002,0.24340175925075302,True
374175356_090165516T,initial,raise_now,True,likely_complete,early stage vc,False,up,False,0.361729,0.19359137,0.16813763,0.8685182092569519,False,1.499099,1.19996979,0.29912921000000003,0.2492806173062074,True,25.0,32.99542589,7.99542589,0.24231922075063114,True
374175356_090165516T,round_1,raise_now,True,likely_complete,early stage vc,False,up,False,0.361729,0.19359137,0.16813763,0.8685182092569519,False,1.499099,1.19996979,0.29912921000000003,0.2492806173062074,True,25.0,32.99542589,7.99542589,0.24231922075063114,True
374175356_090165516T,round_2,raise_now,True,likely_complete,early stage vc,False,up,False,0.361729,0.19359137,0.16813763,0.8685182092569519,False,1.499099,1.19996979,0.29912921000000003,0.2492806173062074,True,25.0,32.99542589,7.99542589,0.24231922075063114,True
374175356_090165516T,round_3,raise_now,True,likely_complete,early stage vc,False,up,False,0.361729,0.19359137,0.16813763,0.8685182092569519,False,1.499099,1.19996979,0.29912921000000003,0.2492806173062074,True,25.0,32.99542589,7.99542589,0.24231922075063114,True
374175356_090165516T,final,raise_now,True,likely_complete,early stage vc,False,up,False,0.361729,0.19359137,0.16813763,0.8685182092569519,False,1.499099,1.19996979,0.29912921000000003,0.2492806173062074,True,25.0,32.99542589,7.99542589,0.24231922075063114,True
374175356_555208307T,initial,raise_now,True,likely_complete,seed round,False,up,,2.464286,,,,,14.785714,,,,,25.0,,,,
374175356_555208307T,round_1,raise_now,True,likely_complete,seed round,False,up,,2.464286,,,,,14.785714,,,,,25.0,,,,
374175356_555208307T,round_2,raise_now,True,likely_complete,seed round,False,up,,2.464286,,,,,14.785714,,,,,25.0,,,,
374175356_555208307T,round_3,raise_now,True,likely_complete,seed round,False,up,,2.464286,,,,,14.785714,,,,,25.0,,,,
374175356_555208307T,final,raise_now,True,likely_complete,seed round,False,up,,2.464286,,,,,14.785714,,,,,25.0,,,,
374175356_813472702T,initial,raise_now,True,likely_complete,seed round,False,up,,2.464286,10.47005303,8.005767030000001,0.7646348119785981,False,14.785714,,,,,25.0,,,,
374175356_813472702T,round_1,raise_now,True,likely_complete,seed round,False,up,,2.464286,10.47005303,8.005767030000001,0.7646348119785981,False,14.785714,,,,,25.0,,,,
374175356_813472702T,round_2,raise_now,True,likely_complete,seed round,False,up,,2.464286,10.47005303,8.005767030000001,0.7646348119785981,False,14.785714,,,,,25.0,,,,
374175356_813472702T,round_3,raise_now,True,likely_complete,seed round,False,up,,2.464286,10.47005303,8.005767030000001,0.7646348119785981,False,14.785714,,,,,25.0,,,,
374175356_813472702T,final,raise_now,True,likely_complete,seed round,False,up,,2.464286,10.47005303,8.005767030000001,0.7646348119785981,False,14.785714,,,,,25.0,,,,
381204631_481335027T,initial,raise_now,True,likely_complete,seed round,False,up,,2.0,,,,,15.0,,,,,25.0,,,,
381204631_481335027T,round_1,raise_now,True,likely_complete,seed round,False,up,,2.0,,,,,15.0,,,,,25.0,,,,
381204631_481335027T,round_2,raise_now,True,likely_complete,seed round,False,up,,2.0,,,,,15.0,,,,,25.0,,,,
381204631_481335027T,round_3,raise_now,True,likely_complete,seed round,False,up,,2.0,,,,,15.0,,,,,25.0,,,,
381204631_481335027T,final,raise_now,True,likely_complete,seed round,False,up,,2.0,,,,,15.0,,,,,25.0,,,,
381597158_757264750T,initial,raise_now,True,likely_complete,seed round,True,up,,2.392857,0.5,1.8928569999999998,3.7857139999999996,False,14.285714,3.2833,11.002414,3.351023056071635,False,25.0,15.22858,9.77142,0.6416501078892451,False
381597158_757264750T,round_1,raise_now,True,likely_complete,seed round,True,up,,2.392857,0.5,1.8928569999999998,3.7857139999999996,False,14.285714,3.2833,11.002414,3.351023056071635,False,25.0,15.22858,9.77142,0.6416501078892451,False
381597158_757264750T,round_2,raise_now,True,likely_complete,seed round,True,up,,2.392857,0.5,1.8928569999999998,3.7857139999999996,False,14.285714,3.2833,11.002414,3.351023056071635,False,25.0,15.22858,9.77142,0.6416501078892451,False
381597158_757264750T,round_3,raise_now,True,likely_complete,seed round,True,up,,2.392857,0.5,1.8928569999999998,3.7857139999999996,False,14.285714,3.2833,11.002414,3.351023056071635,False,25.0,15.22858,9.77142,0.6416501078892451,False
381597158_757264750T,final,raise_now,True,likely_complete,seed round,True,up,,2.392857,0.5,1.8928569999999998,3.7857139999999996,False,14.285714,3.2833,11.002414,3.351023056071635,False,25.0,15.22858,9.77142,0.6416501078892451,False
395080535_182107892T,initial,raise_now,True,likely_complete,seed round,True,up,,1.357143,13.520714,12.163571,0.8996249014660024,False,5.428571,26.020714,20.592143,0.7913750176109694,False,25.0,39.11560872,14.115608719999997,0.36086895185610696,True
395080535_182107892T,round_1,raise_now,True,likely_complete,seed round,True,up,,1.357143,13.520714,12.163571,0.8996249014660024,False,5.428571,26.020714,20.592143,0.7913750176109694,False,25.0,39.11560872,14.115608719999997,0.36086895185610696,True
395080535_182107892T,round_2,raise_now,True,likely_complete,seed round,True,up,,1.357143,13.520714,12.163571,0.8996249014660024,False,5.428571,26.020714,20.592143,0.7913750176109694,False,25.0,39.11560872,14.115608719999997,0.36086895185610696,True
395080535_182107892T,round_3,raise_now,True,likely_complete,seed round,True,up,,1.357143,13.520714,12.163571,0.8996249014660024,False,5.428571,26.020714,20.592143,0.7913750176109694,False,25.0,39.11560872,14.115608719999997,0.36086895185610696,True
395080535_182107892T,final,raise_now,True,likely_complete,seed round,True,up,,1.357143,13.520714,12.163571,0.8996249014660024,False,5.428571,26.020714,20.592143,0.7913750176109694,False,25.0,39.11560872,14.115608719999997,0.36086895185610696,True
399940332_166825866T,initial,raise_now,True,likely_complete,early stage vc,True,up,,14.285714,,,,,71.428571,,,,,26.071429,,,,
399940332_166825866T,round_1,raise_now,True,likely_complete,early stage vc,True,up,,14.285714,,,,,71.428571,,,,,26.071429,,,,
399940332_166825866T,round_2,raise_now,True,likely_complete,early stage vc,True,up,,14.285714,,,,,71.428571,,,,,26.071429,,,,
399940332_166825866T,round_3,raise_now,True,likely_complete,early stage vc,True,up,,14.285714,,,,,71.428571,,,,,26.071429,,,,
399940332_166825866T,final,raise_now,True,likely_complete,early stage vc,True,up,,14.285714,,,,,71.428571,,,,,26.071429,,,,
407502233_884022872T,initial,raise_now,True,likely_complete,seed round,False,up,,2.071429,,,,,12.357143,,,,,25.357143,,,,
407502233_884022872T,round_1,raise_now,True,likely_complete,seed round,False,up,,2.071429,,,,,12.357143,,,,,25.357143,,,,
407502233_884022872T,round_2,raise_now,True,likely_complete,seed round,False,up,,2.071429,,,,,12.357143,,,,,25.357143,,,,
407502233_884022872T,round_3,raise_now,True,likely_complete,seed round,False,up,,2.071429,,,,,12.357143,,,,,25.357143,,,,
407502233_884022872T,final,raise_now,True,likely_complete,seed round,False,up,,2.071429,,,,,12.357143,,,,,25.357143,,,,
412585624_025651118T,initial,raise_now,True,likely_complete,seed round,True,up,,2.0,,,,,15.0,,,,,25.0,,,,
412585624_025651118T,round_1,raise_now,True,likely_complete,seed round,True,up,,2.0,,,,,15.0,,,,,25.0,,,,
412585624_025651118T,round_2,raise_now,True,likely_complete,seed round,True,up,,2.0,,,,,15.0,,,,,25.0,,,,
412585624_025651118T,round_3,raise_now,True,likely_complete,seed round,True,up,,2.0,,,,,15.0,,,,,25.0,,,,
412585624_025651118T,final,raise_now,True,likely_complete,seed round,True,up,,2.0,,,,,15.0,,,,,25.0,,,,
414460303_211651070T,initial,raise_now,True,likely_complete,early stage vc,False,up,,50.0,8.65449364,41.34550636,4.777345513191688,False,150.0,172.79139904,22.791399039999988,0.13190123563224312,True,25.0,5.0086368,19.991363200000002,3.9913780931370395,False
414460303_211651070T,round_1,raise_now,True,likely_complete,early stage vc,False,up,,50.0,8.65449364,41.34550636,4.777345513191688,False,150.0,172.79139904,22.791399039999988,0.13190123563224312,True,25.0,5.0086368,19.991363200000002,3.9913780931370395,False
414460303_211651070T,round_2,raise_now,True,likely_complete,early stage vc,False,up,,50.0,8.65449364,41.34550636,4.777345513191688,False,150.0,172.79139904,22.791399039999988,0.13190123563224312,True,25.0,5.0086368,19.991363200000002,3.9913780931370395,False
414460303_211651070T,round_3,raise_now,True,likely_complete,early stage vc,False,up,,50.0,8.65449364,41.34550636,4.777345513191688,False,150.0,172.79139904,22.791399039999988,0.13190123563224312,True,25.0,5.0086368,19.991363200000002,3.9913780931370395,False
414460303_211651070T,final,raise_now,True,likely_complete,early stage vc,False,up,,50.0,8.65449364,41.34550636,4.777345513191688,False,150.0,172.79139904,22.791399039999988,0.13190123563224312,True,25.0,5.0086368,19.991363200000002,3.9913780931370395,False
420468035_962848541T,initial,raise_now,True,likely_complete,early stage vc,True,up,,2.464286,3.0,0.535714,0.17857133333333333,True,14.785714,,,,,25.0,,,,
420468035_962848541T,round_1,raise_now,True,likely_complete,early stage vc,True,up,,2.464286,3.0,0.535714,0.17857133333333333,True,14.785714,,,,,25.0,,,,
420468035_962848541T,round_2,raise_now,True,likely_complete,early stage vc,True,up,,2.464286,3.0,0.535714,0.17857133333333333,True,14.785714,,,,,25.0,,,,
420468035_962848541T,round_3,raise_now,True,likely_complete,early stage vc,True,up,,2.464286,3.0,0.535714,0.17857133333333333,True,14.785714,,,,,25.0,,,,
420468035_962848541T,final,raise_now,True,likely_complete,early stage vc,True,up,,2.464286,3.0,0.535714,0.17857133333333333,True,14.785714,,,,,25.0,,,,
420468035_511690561T,initial,raise_now,True,likely_complete,early stage vc,True,up,,6.0,10.0,4.0,0.4,True,12.0,66.7,54.7,0.8200899550224887,False,25.0,,,,
420468035_511690561T,round_1,raise_now,True,likely_complete,early stage vc,True,up,,6.0,10.0,4.0,0.4,True,12.0,66.7,54.7,0.8200899550224887,False,25.0,,,,
420468035_511690561T,round_2,raise_now,True,likely_complete,early stage vc,True,up,,6.0,10.0,4.0,0.4,True,12.0,66.7,54.7,0.8200899550224887,False,25.0,,,,
420468035_511690561T,round_3,raise_now,True,likely_complete,early stage vc,True,up,,6.0,10.0,4.0,0.4,True,12.0,66.7,54.7,0.8200899550224887,False,25.0,,,,
420468035_511690561T,final,raise_now,True,likely_complete,early stage vc,True,up,,6.0,10.0,4.0,0.4,True,12.0,66.7,54.7,0.8200899550224887,False,25.0,,,,
420468035_794461215T,initial,raise_now,True,likely_complete,early stage vc,False,up,,15.0,2.0,13.0,6.5,False,100.0,,,,,25.0,,,,
420468035_794461215T,round_1,raise_now,True,likely_complete,early stage vc,False,up,,15.0,2.0,13.0,6.5,False,100.0,,,,,25.0,,,,
420468035_794461215T,round_2,raise_now,True,likely_complete,early stage vc,False,up,,15.0,2.0,13.0,6.5,False,100.0,,,,,25.0,,,,
420468035_794461215T,round_3,raise_now,True,likely_complete,early stage vc,False,up,,15.0,2.0,13.0,6.5,False,100.0,,,,,25.0,,,,
420468035_794461215T,final,raise_now,True,likely_complete,early stage vc,False,up,,15.0,2.0,13.0,6.5,False,100.0,,,,,25.0,,,,
420468035_575477039T,initial,raise_now,True,likely_complete,early stage vc,False,up,,5.0,38.8,33.8,0.8711340206185567,False,50.0,168.8,118.80000000000001,0.7037914691943128,False,25.0,,,,
420468035_575477039T,round_1,raise_now,True,likely_complete,early stage vc,False,up,,5.0,38.8,33.8,0.8711340206185567,False,50.0,168.8,118.80000000000001,0.7037914691943128,False,25.0,,,,
420468035_575477039T,round_2,raise_now,True,likely_complete,early stage vc,False,up,,5.0,38.8,33.8,0.8711340206185567,False,50.0,168.8,118.80000000000001,0.7037914691943128,False,25.0,,,,
420468035_575477039T,round_3,raise_now,True,likely_complete,early stage vc,False,up,,5.0,38.8,33.8,0.8711340206185567,False,50.0,168.8,118.80000000000001,0.7037914691943128,False,25.0,,,,
420468035_575477039T,final,raise_now,True,likely_complete,early stage vc,False,up,,5.0,38.8,33.8,0.8711340206185567,False,50.0,168.8,118.80000000000001,0.7037914691943128,False,25.0,,,,
437602468_696873542T,initial,raise_now,True,likely_complete,early stage vc,False,up,,15.714286,1.47444929,14.239836709999999,9.657732420217721,False,62.857143,28.29907935,34.55806365,1.221172718115298,False,25.0,,,,
437602468_696873542T,round_1,raise_now,True,likely_complete,early stage vc,False,up,,15.714286,1.47444929,14.239836709999999,9.657732420217721,False,62.857143,28.29907935,34.55806365,1.221172718115298,False,25.0,,,,
437602468_696873542T,round_2,raise_now,True,likely_complete,early stage vc,False,up,,25.0,1.47444929,23.52555071,15.95548308751941,False,100.0,28.29907935,71.70092065,2.5336838616977837,False,25.0,,,,
437602468_696873542T,round_3,raise_now,True,likely_complete,early stage vc,False,up,,25.0,1.47444929,23.52555071,15.95548308751941,False,100.0,28.29907935,71.70092065,2.5336838616977837,False,25.0,,,,
437602468_696873542T,final,raise_now,True,likely_complete,early stage vc,False,up,,25.0,1.47444929,23.52555071,15.95548308751941,False,100.0,28.29907935,71.70092065,2.5336838616977837,False,25.0,,,,
438636443_443797508T,initial,raise_now,True,likely_complete,seed round,True,up,,2.071429,2.01608042,0.05534857999999998,0.027453557631396456,True,15.321429,,,,,24.357143,,,,
438636443_443797508T,round_1,raise_now,True,likely_complete,seed round,True,up,,2.071429,2.01608042,0.05534857999999998,0.027453557631396456,True,15.321429,,,,,24.357143,,,,
438636443_443797508T,round_2,raise_now,True,likely_complete,seed round,True,up,,2.071429,2.01608042,0.05534857999999998,0.027453557631396456,True,15.321429,,,,,24.357143,,,,
438636443_443797508T,round_3,raise_now,True,likely_complete,seed round,True,up,,1.964286,2.01608042,0.05179442000000023,0.025690651764774454,True,14.785714,,,,,25.0,,,,
438636443_443797508T,final,raise_now,True,likely_complete,seed round,True,up,,1.964286,2.01608042,0.05179442000000023,0.025690651764774454,True,14.785714,,,,,25.0,,,,
438636443_873703575T,initial,raise_now,True,likely_complete,early stage vc,True,up,,5.0,1.30970194,3.69029806,2.8176625133501747,False,15.0,,,,,25.0,,,,
438636443_873703575T,round_1,raise_now,True,likely_complete,early stage vc,True,up,,5.0,1.30970194,3.69029806,2.8176625133501747,False,15.0,,,,,25.0,,,,
438636443_873703575T,round_2,raise_now,True,likely_complete,early stage vc,True,up,,5.0,1.30970194,3.69029806,2.8176625133501747,False,15.0,,,,,25.0,,,,
438636443_873703575T,round_3,raise_now,True,likely_complete,early stage vc,True,up,,5.0,1.30970194,3.69029806,2.8176625133501747,False,15.0,,,,,25.0,,,,
438636443_873703575T,final,raise_now,True,likely_complete,early stage vc,True,up,,5.0,1.30970194,3.69029806,2.8176625133501747,False,15.0,,,,,25.0,,,,
440112243_958212705T,initial,raise_now,True,likely_complete,seed round,False,up,,2.0,1.35948,0.64052,0.4711507341042163,True,10.0,5.28443,4.71557,0.8923516822060278,False,25.0,25.7261448,0.7261448000000001,0.02822594701402754,True
440112243_958212705T,round_1,raise_now,True,likely_complete,seed round,False,up,,2.0,1.35948,0.64052,0.4711507341042163,True,10.0,5.28443,4.71557,0.8923516822060278,False,25.0,25.7261448,0.7261448000000001,0.02822594701402754,True
440112243_958212705T,round_2,raise_now,True,likely_complete,seed round,False,up,,2.0,1.35948,0.64052,0.4711507341042163,True,10.0,5.28443,4.71557,0.8923516822060278,False,25.0,25.7261448,0.7261448000000001,0.02822594701402754,True
440112243_958212705T,round_3,raise_now,True,likely_complete,seed round,False,up,,2.0,1.35948,0.64052,0.4711507341042163,True,10.0,5.28443,4.71557,0.8923516822060278,False,25.0,25.7261448,0.7261448000000001,0.02822594701402754,True
440112243_958212705T,final,raise_now,True,likely_complete,seed round,False,up,,2.0,1.35948,0.64052,0.4711507341042163,True,10.0,5.28443,4.71557,0.8923516822060278,False,25.0,25.7261448,0.7261448000000001,0.02822594701402754,True
448395548_406056984T,initial,raise_now,True,likely_complete,seed round,False,up,,2.464286,5.06057226,2.59628626,0.5130420289661075,False,14.785714,,,,,25.0,,,,
448395548_406056984T,round_1,raise_now,True,likely_complete,seed round,False,up,,2.428571,5.06057226,2.63200126,0.5200995311941263,False,14.642857,,,,,25.0,,,,
448395548_406056984T,round_2,raise_now,True,likely_complete,seed round,False,up,,2.107143,5.06057226,2.9534292599999996,0.5836156680035233,False,12.714286,,,,,25.0,,,,
448395548_406056984T,round_3,raise_now,True,likely_complete,seed round,False,up,,1.964286,5.06057226,3.09628626,0.6118450840972677,False,11.857143,,,,,25.0,,,,
448395548_406056984T,final,raise_now,True,likely_complete,seed round,False,up,,1.964286,5.06057226,3.09628626,0.6118450840972677,False,11.857143,,,,,25.0,,,,
461069674_595078018T,initial,raise_now,True,likely_complete,seed round,False,up,,2.392857,,,,,14.285714,,,,,25.0,,,,
461069674_595078018T,round_1,raise_now,True,likely_complete,seed round,False,up,,2.392857,,,,,14.285714,,,,,25.0,,,,
461069674_595078018T,round_2,raise_now,True,likely_complete,seed round,False,up,,2.392857,,,,,14.285714,,,,,25.0,,,,
461069674_595078018T,round_3,raise_now,True,likely_complete,seed round,False,up,,2.392857,,,,,14.285714,,,,,25.0,,,,
461069674_595078018T,final,raise_now,True,likely_complete,seed round,False,up,,2.392857,,,,,14.285714,,,,,25.0,,,,
461069674_835937778T,initial,raise_now,True,likely_complete,early stage vc,False,up,,4.857143,,,,,14.785714,,,,,25.0,,,,
461069674_835937778T,round_1,raise_now,True,likely_complete,early stage vc,False,up,,4.857143,,,,,14.785714,,,,,25.0,,,,
461069674_835937778T,round_2,raise_now,True,likely_complete,early stage vc,False,up,,4.857143,,,,,14.785714,,,,,25.0,,,,
461069674_835937778T,round_3,raise_now,True,likely_complete,early stage vc,False,up,,4.857143,,,,,14.785714,,,,,25.0,,,,
461069674_835937778T,final,raise_now,True,likely_complete,early stage vc,False,up,,4.857143,,,,,14.785714,,,,,25.0,,,,
464792275_466392313T,initial,raise_now,True,likely_complete,seed round,False,up,,1.964286,,,,,14.785714,,,,,25.357143,,,,
464792275_466392313T,round_1,raise_now,True,likely_complete,seed round,False,up,,1.964286,,,,,14.785714,,,,,25.357143,,,,
464792275_466392313T,round_2,raise_now,True,likely_complete,seed round,False,up,,1.964286,,,,,14.785714,,,,,25.357143,,,,
464792275_466392313T,round_3,raise_now,True,likely_complete,seed round,False,up,,1.964286,,,,,14.785714,,,,,25.357143,,,,
464792275_466392313T,final,raise_now,True,likely_complete,seed round,False,up,,1.964286,,,,,14.785714,,,,,25.357143,,,,
464792275_666771444T,initial,raise_now,True,likely_complete,seed round,True,up,,1.142857,,,,,4.571429,,,,,25.0,,,,
464792275_666771444T,round_1,raise_now,True,likely_complete,seed round,True,up,,1.142857,,,,,4.571429,,,,,25.0,,,,
464792275_666771444T,round_2,raise_now,True,likely_complete,seed round,True,up,,1.142857,,,,,4.571429,,,,,25.0,,,,
464792275_666771444T,round_3,raise_now,True,likely_complete,seed round,True,up,,1.142857,,,,,4.571429,,,,,25.0,,,,
464792275_666771444T,final,raise_now,True,likely_complete,seed round,True,up,,1.142857,,,,,4.571429,,,,,25.0,,,,
470615116_034207575T,initial,raise_now,True,likely_complete,seed round,True,up,,1.964286,0.025,1.939286,77.57144,False,9.714286,,,,,25.357143,,,,
470615116_034207575T,round_1,raise_now,True,likely_complete,seed round,True,up,,1.964286,0.025,1.939286,77.57144,False,9.714286,,,,,25.357143,,,,
470615116_034207575T,round_2,raise_now,True,likely_complete,seed round,True,up,,1.964286,0.025,1.939286,77.57144,False,9.714286,,,,,25.357143,,,,
470615116_034207575T,round_3,raise_now,True,likely_complete,seed round,True,up,,1.964286,0.025,1.939286,77.57144,False,9.714286,,,,,25.357143,,,,
470615116_034207575T,final,raise_now,True,likely_complete,seed round,True,up,,1.964286,0.025,1.939286,77.57144,False,9.714286,,,,,25.357143,,,,
470615116_012605103T,initial,raise_now,True,likely_complete,seed round,True,up,,0.107143,2.4,2.2928569999999997,0.9553570833333332,False,0.517857,8.4,7.882143,0.9383503571428571,False,20.357143,29.26709143,8.90994843,0.30443573292243614,True
470615116_012605103T,round_1,raise_now,True,likely_complete,seed round,True,up,,0.107143,2.4,2.2928569999999997,0.9553570833333332,False,0.517857,8.4,7.882143,0.9383503571428571,False,20.357143,29.26709143,8.90994843,0.30443573292243614,True
470615116_012605103T,round_2,raise_now,True,likely_complete,seed round,True,up,,0.107143,2.4,2.2928569999999997,0.9553570833333332,False,0.517857,8.4,7.882143,0.9383503571428571,False,20.357143,29.26709143,8.90994843,0.30443573292243614,True
470615116_012605103T,round_3,raise_now,True,likely_complete,seed round,True,up,,0.107143,2.4,2.2928569999999997,0.9553570833333332,False,0.517857,8.4,7.882143,0.9383503571428571,False,20.357143,29.26709143,8.90994843,0.30443573292243614,True
470615116_012605103T,final,raise_now,True,likely_complete,seed round,True,up,,0.107143,2.4,2.2928569999999997,0.9553570833333332,False,0.517857,8.4,7.882143,0.9383503571428571,False,20.357143,29.26709143,8.90994843,0.30443573292243614,True
470615116_707165066T,initial,raise_now,True,likely_complete,early stage vc,False,up,,4.928571,1.25,3.678571,2.9428568,False,14.785714,,,,,25.0,,,,
470615116_707165066T,round_1,raise_now,True,likely_complete,early stage vc,False,up,,4.928571,1.25,3.678571,2.9428568,False,14.785714,,,,,25.0,,,,
470615116_707165066T,round_2,raise_now,True,likely_complete,early stage vc,False,up,,4.928571,1.25,3.678571,2.9428568,False,14.785714,,,,,25.0,,,,
470615116_707165066T,round_3,raise_now,True,likely_complete,early stage vc,False,up,,5.0,1.25,3.75,3.0,False,15.0,,,,,25.0,,,,
470615116_707165066T,final,raise_now,True,likely_complete,early stage vc,False,up,,5.0,1.25,3.75,3.0,False,15.0,,,,,25.0,,,,
470615116_175642053T,initial,raise_now,True,likely_complete,early stage vc,False,up,,5.0,3.1,1.9,0.6129032258064515,False,15.0,,,,,25.0,,,,
470615116_175642053T,round_1,raise_now,True,likely_complete,early stage vc,False,up,,5.0,3.1,1.9,0.6129032258064515,False,15.0,,,,,25.0,,,,
470615116_175642053T,round_2,raise_now,True,likely_complete,early stage vc,False,up,,5.0,3.1,1.9,0.6129032258064515,False,15.0,,,,,25.0,,,,
470615116_175642053T,round_3,raise_now,True,likely_complete,early stage vc,False,up,,5.0,3.1,1.9,0.6129032258064515,False,15.0,,,,,25.0,,,,
470615116_175642053T,final,raise_now,True,likely_complete,early stage vc,False,up,,5.0,3.1,1.9,0.6129032258064515,False,15.0,,,,,25.0,,,,
475833516_817945631T,initial,raise_now,True,likely_complete,seed round,True,up,,1.964286,0.45,1.514286,3.36508,False,7.857143,,,,,25.357143,,,,
475833516_817945631T,round_1,raise_now,True,likely_complete,seed round,True,up,,1.964286,0.45,1.514286,3.36508,False,7.857143,,,,,25.357143,,,,
475833516_817945631T,round_2,raise_now,True,likely_complete,seed round,True,up,,1.964286,0.45,1.514286,3.36508,False,7.857143,,,,,25.357143,,,,
475833516_817945631T,round_3,raise_now,True,likely_complete,seed round,True,up,,1.964286,0.45,1.514286,3.36508,False,7.857143,,,,,25.357143,,,,
475833516_817945631T,final,raise_now,True,likely_complete,seed round,True,up,,1.964286,0.45,1.514286,3.36508,False,7.857143,,,,,25.357143,,,,
475833516_479374908T,initial,raise_now,True,likely_complete,early stage vc,True,up,,1.221429,1.5,0.2785709999999999,0.18571399999999993,True,1.832143,,,,,25.0,,,,
475833516_479374908T,round_1,raise_now,True,likely_complete,early stage vc,True,up,,1.221429,1.5,0.2785709999999999,0.18571399999999993,True,1.832143,,,,,25.0,,,,
475833516_479374908T,round_2,raise_now,True,likely_complete,early stage vc,True,up,,1.221429,1.5,0.2785709999999999,0.18571399999999993,True,1.832143,,,,,25.0,,,,
475833516_479374908T,round_3,raise_now,True,likely_complete,early stage vc,True,up,,1.221429,1.5,0.2785709999999999,0.18571399999999993,True,1.832143,,,,,25.0,,,,
475833516_479374908T,final,raise_now,True,likely_complete,early stage vc,True,up,,1.221429,1.5,0.2785709999999999,0.18571399999999993,True,1.832143,,,,,25.0,,,,
475833516_289782756T,initial,raise_now,True,likely_complete,early stage vc,True,up,,2.714286,0.75,1.964286,2.619048,False,4.714286,,,,,25.0,,,,
475833516_289782756T,round_1,raise_now,True,likely_complete,early stage vc,True,up,,2.714286,0.75,1.964286,2.619048,False,4.714286,,,,,25.0,,,,
475833516_289782756T,round_2,raise_now,True,likely_complete,early stage vc,True,up,,2.714286,0.75,1.964286,2.619048,False,4.714286,,,,,25.0,,,,
475833516_289782756T,round_3,raise_now,True,likely_complete,early stage vc,True,up,,2.714286,0.75,1.964286,2.619048,False,4.714286,,,,,25.0,,,,
475833516_289782756T,final,raise_now,True,likely_complete,early stage vc,True,up,,2.714286,0.75,1.964286,2.619048,False,4.714286,,,,,25.0,,,,
480864606_323992104T,initial,raise_now,True,likely_complete,seed round,False,up,,1.642857,,,,,6.571429,,,,,25.0,,,,
480864606_323992104T,round_1,raise_now,True,likely_complete,seed round,False,up,,1.642857,,,,,6.571429,,,,,25.0,,,,
480864606_323992104T,round_2,raise_now,True,likely_complete,seed round,False,up,,1.642857,,,,,6.571429,,,,,25.0,,,,
480864606_323992104T,round_3,raise_now,True,likely_complete,seed round,False,up,,1.642857,,,,,6.571429,,,,,25.0,,,,
480864606_323992104T,final,raise_now,True,likely_complete,seed round,False,up,,1.642857,,,,,6.571429,,,,,25.0,,,,
492919674_179212744T,initial,raise_now,True,likely_complete,seed round,True,up,,2.0,,,,,6.0,,,,,33.0,,,,
492919674_179212744T,round_1,raise_now,True,likely_complete,seed round,True,up,,2.0,,,,,6.0,,,,,33.0,,,,
492919674_179212744T,round_2,raise_now,True,likely_complete,seed round,True,up,,2.0,,,,,6.0,,,,,33.0,,,,
492919674_179212744T,round_3,raise_now,True,likely_complete,seed round,True,up,,2.0,,,,,6.0,,,,,33.0,,,,
492919674_179212744T,final,raise_now,True,likely_complete,seed round,True,up,,2.0,,,,,6.0,,,,,33.0,,,,
498664659_416326831T,initial,raise_now,True,likely_complete,seed round,True,up,,2.464286,0.579923,1.884363,3.249333101118597,False,14.785714,5.437437,9.348277,1.7192432758301381,False,25.0,10.66537557,14.33462443,1.3440337225742909,False
498664659_416326831T,round_1,raise_now,True,likely_complete,seed round,True,up,,2.464286,0.579923,1.884363,3.249333101118597,False,14.785714,5.437437,9.348277,1.7192432758301381,False,25.0,10.66537557,14.33462443,1.3440337225742909,False
498664659_416326831T,round_2,raise_now,True,likely_complete,seed round,True,up,,2.464286,0.579923,1.884363,3.249333101118597,False,14.785714,5.437437,9.348277,1.7192432758301381,False,25.0,10.66537557,14.33462443,1.3440337225742909,False
498664659_416326831T,round_3,raise_now,True,likely_complete,seed round,True,up,,2.464286,0.579923,1.884363,3.249333101118597,False,14.785714,5.437437,9.348277,1.7192432758301381,False,25.0,10.66537557,14.33462443,1.3440337225742909,False
498664659_416326831T,final,raise_now,True,likely_complete,seed round,True,up,,2.464286,0.579923,1.884363,3.249333101118597,False,14.785714,5.437437,9.348277,1.7192432758301381,False,25.0,10.66537557,14.33462443,1.3440337225742909,False
498664659_475788454T,initial,raise_now,True,likely_complete,early stage vc,False,up,,1.607143,0.924,0.683143,0.739332251082251,False,7.071429,,,,,15.0,,,,
498664659_475788454T,round_1,raise_now,True,likely_complete,early stage vc,False,up,,1.607143,0.924,0.683143,0.739332251082251,False,7.071429,,,,,15.0,,,,
498664659_475788454T,round_2,raise_now,True,likely_complete,early stage vc,False,up,,1.607143,0.924,0.683143,0.739332251082251,False,7.071429,,,,,15.0,,,,
498664659_475788454T,round_3,raise_now,True,likely_complete,early stage vc,False,up,,1.5,0.924,0.576,0.6233766233766233,False,7.0,,,,,15.0,,,,
498664659_475788454T,final,raise_now,True,likely_complete,early stage vc,False,up,,1.5,0.924,0.576,0.6233766233766233,False,7.0,,,,,15.0,,,,
498664659_127876786T,initial,raise_now,True,likely_complete,early stage vc,False,up,,2.035714,0.00063081,2.03508319,3226.142879789477,False,10.0,,,,,20.0,,,,
498664659_127876786T,round_1,raise_now,True,likely_complete,early stage vc,False,up,,2.035714,0.00063081,2.03508319,3226.142879789477,False,10.0,,,,,20.0,,,,
498664659_127876786T,round_2,raise_now,True,likely_complete,early stage vc,False,up,,2.035714,0.00063081,2.03508319,3226.142879789477,False,10.0,,,,,20.0,,,,
498664659_127876786T,round_3,raise_now,True,likely_complete,early stage vc,False,up,,2.035714,0.00063081,2.03508319,3226.142879789477,False,10.0,,,,,20.0,,,,
498664659_127876786T,final,raise_now,True,likely_complete,early stage vc,False,up,,2.035714,0.00063081,2.03508319,3226.142879789477,False,10.0,,,,,20.0,,,,
498664659_910413812T,initial,raise_now,True,likely_complete,seed round,False,up,,1.964286,,,,,14.642857,,,,,25.357143,,,,
498664659_910413812T,round_1,raise_now,True,likely_complete,seed round,False,up,,1.964286,,,,,14.642857,,,,,25.357143,,,,
498664659_910413812T,round_2,raise_now,True,likely_complete,seed round,False,up,,1.964286,,,,,14.642857,,,,,25.357143,,,,
498664659_910413812T,round_3,raise_now,True,likely_complete,seed round,False,up,,1.964286,,,,,14.642857,,,,,25.357143,,,,
498664659_910413812T,final,raise_now,True,likely_complete,seed round,False,up,,1.964286,,,,,14.642857,,,,,25.357143,,,,
507882550_218425636T,initial,raise_now,True,likely_complete,seed round,False,up,,2.142857,3.5,1.3571430000000002,0.3877551428571429,True,11.428571,,,,,25.0,,,,
507882550_218425636T,round_1,raise_now,True,likely_complete,seed round,False,up,,2.142857,3.5,1.3571430000000002,0.3877551428571429,True,11.428571,,,,,25.0,,,,
507882550_218425636T,round_2,raise_now,True,likely_complete,seed round,False,up,,2.142857,3.5,1.3571430000000002,0.3877551428571429,True,11.428571,,,,,25.0,,,,
507882550_218425636T,round_3,raise_now,True,likely_complete,seed round,False,up,,2.142857,3.5,1.3571430000000002,0.3877551428571429,True,11.428571,,,,,25.0,,,,
507882550_218425636T,final,raise_now,True,likely_complete,seed round,False,up,,2.142857,3.5,1.3571430000000002,0.3877551428571429,True,11.428571,,,,,25.0,,,,
507882550_824010376T,initial,raise_now,True,likely_complete,early stage vc,True,up,,7.0,,,,,10.5,,,,,25.0,,,,
507882550_824010376T,round_1,raise_now,True,likely_complete,early stage vc,True,up,,7.0,,,,,10.5,,,,,25.0,,,,
507882550_824010376T,round_2,raise_now,True,likely_complete,early stage vc,True,up,,7.0,,,,,10.5,,,,,25.0,,,,
507882550_824010376T,round_3,raise_now,True,likely_complete,early stage vc,True,up,,7.0,,,,,10.5,,,,,25.0,,,,
507882550_824010376T,final,raise_now,True,likely_complete,early stage vc,True,up,,7.0,,,,,10.5,,,,,25.0,,,,
507882550_032913579T,initial,raise_now,True,likely_complete,early stage vc,False,up,,7.0,6.0,1.0,0.16666666666666666,True,10.5,,,,,40.0,,,,
507882550_032913579T,round_1,raise_now,True,likely_complete,early stage vc,False,up,,7.0,6.0,1.0,0.16666666666666666,True,10.5,,,,,40.0,,,,
507882550_032913579T,round_2,raise_now,True,likely_complete,early stage vc,False,up,,7.0,6.0,1.0,0.16666666666666666,True,10.5,,,,,40.0,,,,
507882550_032913579T,round_3,raise_now,True,likely_complete,early stage vc,False,up,,7.0,6.0,1.0,0.16666666666666666,True,10.5,,,,,40.0,,,,
507882550_032913579T,final,raise_now,True,likely_complete,early stage vc,False,up,,7.0,6.0,1.0,0.16666666666666666,True,10.5,,,,,40.0,,,,
507932721_999705580T,initial,raise_now,True,likely_complete,seed round,False,up,,2.071429,,,,,12.357143,,,,,21.785714,,,,
507932721_999705580T,round_1,raise_now,True,likely_complete,seed round,False,up,,2.071429,,,,,12.357143,,,,,21.785714,,,,
507932721_999705580T,round_2,raise_now,True,likely_complete,seed round,False,up,,2.071429,,,,,12.357143,,,,,21.785714,,,,
507932721_999705580T,round_3,raise_now,True,likely_complete,seed round,False,up,,2.071429,,,,,12.357143,,,,,21.785714,,,,
507932721_999705580T,final,raise_now,True,likely_complete,seed round,False,up,,2.071429,,,,,12.357143,,,,,21.785714,,,,
514864801_433459794T,initial,raise_now,True,likely_complete,seed round,False,up,,2.464286,0.32711155,2.13717445,6.533472908553672,False,14.785714,,,,,25.0,,,,
514864801_433459794T,round_1,raise_now,True,likely_complete,seed round,False,up,,2.464286,0.32711155,2.13717445,6.533472908553672,False,14.785714,,,,,25.0,,,,
514864801_433459794T,round_2,raise_now,True,likely_complete,seed round,False,up,,2.464286,0.32711155,2.13717445,6.533472908553672,False,14.785714,,,,,25.0,,,,
514864801_433459794T,round_3,raise_now,True,likely_complete,seed round,False,up,,2.464286,0.32711155,2.13717445,6.533472908553672,False,14.785714,,,,,25.0,,,,
514864801_433459794T,final,raise_now,True,likely_complete,seed round,False,up,,2.464286,0.32711155,2.13717445,6.533472908553672,False,14.785714,,,,,25.0,,,,
514864801_404036528T,initial,raise_now,True,likely_complete,early stage vc,True,up,,1.0,1.03780083,0.037800829999999896,0.03642397356725943,True,1.5,1.68965635,0.18965634999999992,0.1122455166697062,True,25.0,30.71041883,5.710418829999998,0.18594402315417718,True
514864801_404036528T,round_1,raise_now,True,likely_complete,early stage vc,True,up,,1.0,1.03780083,0.037800829999999896,0.03642397356725943,True,1.5,1.68965635,0.18965634999999992,0.1122455166697062,True,25.0,30.71041883,5.710418829999998,0.18594402315417718,True
514864801_404036528T,round_2,raise_now,True,likely_complete,early stage vc,True,up,,1.0,1.03780083,0.037800829999999896,0.03642397356725943,True,1.5,1.68965635,0.18965634999999992,0.1122455166697062,True,25.0,30.71041883,5.710418829999998,0.18594402315417718,True
514864801_404036528T,round_3,raise_now,True,likely_complete,early stage vc,True,up,,1.0,1.03780083,0.037800829999999896,0.03642397356725943,True,1.5,1.68965635,0.18965634999999992,0.1122455166697062,True,25.0,30.71041883,5.710418829999998,0.18594402315417718,True
514864801_404036528T,final,raise_now,True,likely_complete,early stage vc,True,up,,1.0,1.03780083,0.037800829999999896,0.03642397356725943,True,1.5,1.68965635,0.18965634999999992,0.1122455166697062,True,25.0,30.71041883,5.710418829999998,0.18594402315417718,True
521994069_105951505T,initial,raise_now,True,likely_complete,seed round,True,up,,2.464286,1.5,0.964286,0.6428573333333333,False,9.857143,,,,,25.0,,,,
521994069_105951505T,round_1,raise_now,True,likely_complete,seed round,True,up,,2.464286,1.5,0.964286,0.6428573333333333,False,9.857143,,,,,25.0,,,,
521994069_105951505T,round_2,raise_now,True,likely_complete,seed round,True,up,,2.464286,1.5,0.964286,0.6428573333333333,False,9.857143,,,,,25.0,,,,
521994069_105951505T,round_3,raise_now,True,likely_complete,seed round,True,up,,2.464286,1.5,0.964286,0.6428573333333333,False,9.857143,,,,,25.0,,,,
521994069_105951505T,final,raise_now,True,likely_complete,seed round,True,up,,2.464286,1.5,0.964286,0.6428573333333333,False,9.857143,,,,,25.0,,,,
521994069_403809583T,initial,raise_now,True,likely_complete,early stage vc,True,up,,3.0,4.0,1.0,0.25,True,4.5,,,,,25.0,,,,
521994069_403809583T,round_1,raise_now,True,likely_complete,early stage vc,True,up,,3.0,4.0,1.0,0.25,True,4.5,,,,,25.0,,,,
521994069_403809583T,round_2,raise_now,True,likely_complete,early stage vc,True,up,,3.0,4.0,1.0,0.25,True,4.5,,,,,25.0,,,,
521994069_403809583T,round_3,raise_now,True,likely_complete,early stage vc,True,up,,3.0,4.0,1.0,0.25,True,4.5,,,,,25.0,,,,
521994069_403809583T,final,raise_now,True,likely_complete,early stage vc,True,up,,3.0,4.0,1.0,0.25,True,4.5,,,,,25.0,,,,
521994069_320669634T,initial,raise_now,True,likely_complete,early stage vc,False,up,,7.857143,5.0,2.8571429999999998,0.5714286,False,12.857143,,,,,25.0,,,,
521994069_320669634T,round_1,raise_now,True,likely_complete,early stage vc,False,up,,7.857143,5.0,2.8571429999999998,0.5714286,False,12.857143,,,,,25.0,,,,
521994069_320669634T,round_2,raise_now,True,likely_complete,early stage vc,False,up,,7.857143,5.0,2.8571429999999998,0.5714286,False,12.857143,,,,,25.0,,,,
521994069_320669634T,round_3,raise_now,True,likely_complete,early stage vc,False,up,,7.857143,5.0,2.8571429999999998,0.5714286,False,12.857143,,,,,25.0,,,,
521994069_320669634T,final,raise_now,True,likely_complete,early stage vc,False,up,,7.857143,5.0,2.8571429999999998,0.5714286,False,12.857143,,,,,25.0,,,,
532341497_266608912T,initial,raise_now,True,likely_complete,seed round,True,up,,1.964286,2.331913,0.36762700000000015,0.1576503926175634,True,5.892857,8.831912,2.9390550000000006,0.3327767532104034,True,33.809214,26.40326068,7.405953319999998,0.2804938908780262,True
532341497_266608912T,round_1,raise_now,True,likely_complete,seed round,True,up,,1.964286,2.331913,0.36762700000000015,0.1576503926175634,True,5.892857,8.831912,2.9390550000000006,0.3327767532104034,True,33.809214,26.40326068,7.405953319999998,0.2804938908780262,True
532341497_266608912T,round_2,raise_now,True,likely_complete,seed round,True,up,,1.964286,2.331913,0.36762700000000015,0.1576503926175634,True,5.892857,8.831912,2.9390550000000006,0.3327767532104034,True,33.809214,26.40326068,7.405953319999998,0.2804938908780262,True
532341497_266608912T,round_3,raise_now,True,likely_complete,seed round,True,up,,1.964286,2.331913,0.36762700000000015,0.1576503926175634,True,5.892857,8.831912,2.9390550000000006,0.3327767532104034,True,33.809214,26.40326068,7.405953319999998,0.2804938908780262,True
532341497_266608912T,final,raise_now,True,likely_complete,seed round,True,up,,1.964286,2.331913,0.36762700000000015,0.1576503926175634,True,5.892857,8.831912,2.9390550000000006,0.3327767532104034,True,33.809214,26.40326068,7.405953319999998,0.2804938908780262,True
532476121_916845364T,initial,raise_now,True,likely_complete,seed round,False,up,,5.0,2.0,3.0,1.5,False,15.0,3.192982,11.807018,3.697802868916893,False,40.0,62.63737159,22.63737159,0.3614036000452809,True
532476121_916845364T,round_1,raise_now,True,likely_complete,seed round,False,up,,5.0,2.0,3.0,1.5,False,15.0,3.192982,11.807018,3.697802868916893,False,40.0,62.63737159,22.63737159,0.3614036000452809,True
532476121_916845364T,round_2,raise_now,True,likely_complete,seed round,False,up,,5.0,2.0,3.0,1.5,False,15.0,3.192982,11.807018,3.697802868916893,False,40.0,62.63737159,22.63737159,0.3614036000452809,True
532476121_916845364T,round_3,raise_now,True,likely_complete,seed round,False,up,,5.0,2.0,3.0,1.5,False,15.0,3.192982,11.807018,3.697802868916893,False,40.0,62.63737159,22.63737159,0.3614036000452809,True
532476121_916845364T,final,raise_now,True,likely_complete,seed round,False,up,,5.0,2.0,3.0,1.5,False,15.0,3.192982,11.807018,3.697802868916893,False,40.0,62.63737159,22.63737159,0.3614036000452809,True
532476121_216082716T,initial,raise_now,True,likely_complete,early stage vc,False,up,True,5.0,6.456893,1.456893,0.22563375295207772,True,10.0,17.341658,7.341657999999999,0.42335386847093853,True,25.0,37.23342348,12.233423479999999,0.32856026485373296,True
532476121_216082716T,round_1,raise_now,True,likely_complete,early stage vc,False,up,True,5.0,6.456893,1.456893,0.22563375295207772,True,10.0,17.341658,7.341657999999999,0.42335386847093853,True,25.0,37.23342348,12.233423479999999,0.32856026485373296,True
532476121_216082716T,round_2,raise_now,True,likely_complete,early stage vc,False,up,True,5.0,6.456893,1.456893,0.22563375295207772,True,10.0,17.341658,7.341657999999999,0.42335386847093853,True,25.0,37.23342348,12.233423479999999,0.32856026485373296,True
532476121_216082716T,round_3,raise_now,True,likely_complete,early stage vc,False,up,True,5.0,6.456893,1.456893,0.22563375295207772,True,10.0,17.341658,7.341657999999999,0.42335386847093853,True,25.0,37.23342348,12.233423479999999,0.32856026485373296,True
532476121_216082716T,final,raise_now,True,likely_complete,early stage vc,False,up,True,5.0,6.456893,1.456893,0.22563375295207772,True,10.0,17.341658,7.341657999999999,0.42335386847093853,True,25.0,37.23342348,12.233423479999999,0.32856026485373296,True
547069886_622250329T,initial,raise_now,True,likely_complete,early stage vc,True,up,,5.0,,,,,25.0,,,,,25.0,,,,
547069886_622250329T,round_1,raise_now,True,likely_complete,early stage vc,True,up,,5.0,,,,,25.0,,,,,25.0,,,,
547069886_622250329T,round_2,raise_now,True,likely_complete,early stage vc,True,up,,5.0,,,,,25.0,,,,,25.0,,,,
547069886_622250329T,round_3,raise_now,True,likely_complete,early stage vc,True,up,,5.0,,,,,25.0,,,,,25.0,,,,
547069886_622250329T,final,raise_now,True,likely_complete,early stage vc,True,up,,5.0,,,,,25.0,,,,,25.0,,,,
547069886_658647050T,initial,raise_now,True,likely_complete,early stage vc,False,up,,5.0,,,,,25.0,,,,,25.0,,,,
547069886_658647050T,round_1,raise_now,True,likely_complete,early stage vc,False,up,,5.0,,,,,25.0,,,,,25.0,,,,
547069886_658647050T,round_2,raise_now,True,likely_complete,early stage vc,False,up,,5.0,,,,,25.0,,,,,25.0,,,,
547069886_658647050T,round_3,raise_now,True,likely_complete,early stage vc,False,up,,5.0,,,,,25.0,,,,,25.0,,,,
547069886_658647050T,final,raise_now,True,likely_complete,early stage vc,False,up,,5.0,,,,,25.0,,,,,25.0,,,,
547069886_055905717T,initial,raise_now,True,likely_complete,later stage vc,True,up,,14.642857,,,,,73.214286,,,,,25.0,,,,
547069886_055905717T,round_1,raise_now,True,likely_complete,later stage vc,True,up,,14.642857,,,,,73.214286,,,,,25.0,,,,
547069886_055905717T,round_2,raise_now,True,likely_complete,later stage vc,True,up,,14.642857,,,,,73.214286,,,,,25.0,,,,
547069886_055905717T,round_3,raise_now,True,likely_complete,later stage vc,True,up,,14.642857,,,,,73.214286,,,,,25.0,,,,
547069886_055905717T,final,raise_now,True,likely_complete,later stage vc,True,up,,14.642857,,,,,73.214286,,,,,25.0,,,,
547069886_965135854T,initial,raise_now,True,likely_complete,later stage vc,True,up,,18.928571,,,,,94.642857,,,,,25.0,,,,
547069886_965135854T,round_1,raise_now,True,likely_complete,later stage vc,True,up,,18.928571,,,,,94.642857,,,,,25.0,,,,
547069886_965135854T,round_2,raise_now,True,likely_complete,later stage vc,True,up,,18.928571,,,,,94.642857,,,,,25.0,,,,
547069886_965135854T,round_3,raise_now,True,likely_complete,later stage vc,True,up,,15.714286,,,,,78.571429,,,,,25.0,,,,
547069886_965135854T,final,raise_now,True,likely_complete,later stage vc,True,up,,15.714286,,,,,78.571429,,,,,25.0,,,,
547069886_121337813T,initial,raise_now,True,likely_complete,later stage vc,True,up,,22.142857,10.0,12.142857,1.2142857,False,110.714286,191.0,80.285714,0.42034405235602096,True,25.0,,,,
547069886_121337813T,round_1,raise_now,True,likely_complete,later stage vc,True,up,,22.142857,10.0,12.142857,1.2142857,False,110.714286,191.0,80.285714,0.42034405235602096,True,25.0,,,,
547069886_121337813T,round_2,raise_now,True,likely_complete,later stage vc,True,up,,22.142857,10.0,12.142857,1.2142857,False,110.714286,191.0,80.285714,0.42034405235602096,True,25.0,,,,
547069886_121337813T,round_3,raise_now,True,likely_complete,later stage vc,True,up,,25.0,10.0,15.0,1.5,False,125.0,191.0,66.0,0.34554973821989526,True,25.0,,,,
547069886_121337813T,final,raise_now,True,likely_complete,later stage vc,True,up,,25.0,10.0,15.0,1.5,False,125.0,191.0,66.0,0.34554973821989526,True,25.0,,,,
547069886_073546620T,initial,raise_now,True,likely_complete,later stage vc,True,up,,25.0,15.27336264,9.72663736,0.6368366671610699,False,250.0,,,,,20.0,,,,
547069886_073546620T,round_1,raise_now,True,likely_complete,later stage vc,True,up,,25.0,15.27336264,9.72663736,0.6368366671610699,False,250.0,,,,,20.0,,,,
547069886_073546620T,round_2,raise_now,True,likely_complete,later stage vc,True,up,,25.0,15.27336264,9.72663736,0.6368366671610699,False,250.0,,,,,20.0,,,,
547069886_073546620T,round_3,raise_now,True,likely_complete,later stage vc,True,up,,25.0,15.27336264,9.72663736,0.6368366671610699,False,250.0,,,,,20.0,,,,
547069886_073546620T,final,raise_now,True,likely_complete,later stage vc,True,up,,25.0,15.27336264,9.72663736,0.6368366671610699,False,250.0,,,,,20.0,,,,
547069886_421335654T,initial,raise_now,True,likely_complete,later stage vc,True,up,,25.0,46.89734952,21.89734952,0.4669208333545925,True,250.0,578.40064406,328.40064406,0.5677736486509403,False,20.0,,,,
547069886_421335654T,round_1,raise_now,True,likely_complete,later stage vc,True,up,,25.0,46.89734952,21.89734952,0.4669208333545925,True,250.0,578.40064406,328.40064406,0.5677736486509403,False,20.0,,,,
547069886_421335654T,round_2,raise_now,True,likely_complete,later stage vc,True,up,,25.0,46.89734952,21.89734952,0.4669208333545925,True,250.0,578.40064406,328.40064406,0.5677736486509403,False,20.0,,,,
547069886_421335654T,round_3,raise_now,True,likely_complete,later stage vc,True,up,,25.0,46.89734952,21.89734952,0.4669208333545925,True,250.0,578.40064406,328.40064406,0.5677736486509403,False,20.0,,,,
547069886_421335654T,final,raise_now,True,likely_complete,later stage vc,True,up,,25.0,46.89734952,21.89734952,0.4669208333545925,True,250.0,578.40064406,328.40064406,0.5677736486509403,False,20.0,,,,
550085105_987629757T,initial,raise_now,True,likely_complete,early stage vc,True,up,,2.464286,0.38615282,2.07813318,5.38163408984039,False,14.785714,2.107852,12.677862000000001,6.014588310754267,False,25.0,18.31971995,6.68028005,0.36464968177638546,True
550085105_987629757T,round_1,raise_now,True,likely_complete,early stage vc,True,up,,2.464286,0.38615282,2.07813318,5.38163408984039,False,14.785714,2.107852,12.677862000000001,6.014588310754267,False,25.0,18.31971995,6.68028005,0.36464968177638546,True
550085105_987629757T,round_2,raise_now,True,likely_complete,early stage vc,True,up,,2.464286,0.38615282,2.07813318,5.38163408984039,False,14.785714,2.107852,12.677862000000001,6.014588310754267,False,25.0,18.31971995,6.68028005,0.36464968177638546,True
550085105_987629757T,round_3,raise_now,True,likely_complete,early stage vc,True,up,,2.464286,0.38615282,2.07813318,5.38163408984039,False,14.785714,2.107852,12.677862000000001,6.014588310754267,False,25.0,18.31971995,6.68028005,0.36464968177638546,True
550085105_987629757T,final,raise_now,True,likely_complete,early stage vc,True,up,,2.464286,0.38615282,2.07813318,5.38163408984039,False,14.785714,2.107852,12.677862000000001,6.014588310754267,False,25.0,18.31971995,6.68028005,0.36464968177638546,True
550085105_454903106T,initial,raise_now,True,likely_complete,early stage vc,False,up,True,1.25,0.54467497,0.70532503,1.29494665414862,False,3.25,5.73119201,2.48119201,0.4329277409779192,True,25.0,,,,
550085105_454903106T,round_1,raise_now,True,likely_complete,early stage vc,False,up,True,1.25,0.54467497,0.70532503,1.29494665414862,False,3.25,5.73119201,2.48119201,0.4329277409779192,True,25.0,,,,
550085105_454903106T,round_2,raise_now,True,likely_complete,early stage vc,False,up,True,1.25,0.54467497,0.70532503,1.29494665414862,False,3.25,5.73119201,2.48119201,0.4329277409779192,True,25.0,,,,
550085105_454903106T,round_3,raise_now,True,likely_complete,early stage vc,False,up,True,1.25,0.54467497,0.70532503,1.29494665414862,False,3.25,5.73119201,2.48119201,0.4329277409779192,True,25.0,,,,
550085105_454903106T,final,raise_now,True,likely_complete,early stage vc,False,up,True,1.25,0.54467497,0.70532503,1.29494665414862,False,3.25,5.73119201,2.48119201,0.4329277409779192,True,25.0,,,,
561552348_175210801T,initial,raise_now,True,likely_complete,seed round,False,up,,0.5,,,,,3.0,,,,,33.0,,,,
561552348_175210801T,round_1,raise_now,True,likely_complete,seed round,False,up,,0.5,,,,,3.0,,,,,33.0,,,,
561552348_175210801T,round_2,raise_now,True,likely_complete,seed round,False,up,,0.5,,,,,3.0,,,,,33.0,,,,
561552348_175210801T,round_3,raise_now,True,likely_complete,seed round,False,up,,0.5,,,,,3.0,,,,,33.0,,,,
561552348_175210801T,final,raise_now,True,likely_complete,seed round,False,up,,0.5,,,,,3.0,,,,,33.0,,,,
613912775_146007652T,initial,raise_now,True,likely_complete,seed round,False,up,,357.142857,0.63061058,356.51224642,565.3445370675512,False,1071.428571,10.33231186,1061.09625914,102.69688657461796,False,30.714286,6.10328638,24.61099962,4.032417633334125,False
613912775_146007652T,round_1,raise_now,True,likely_complete,seed round,False,up,,357.142857,0.63061058,356.51224642,565.3445370675512,False,1071.428571,10.33231186,1061.09625914,102.69688657461796,False,30.714286,6.10328638,24.61099962,4.032417633334125,False
613912775_146007652T,round_2,raise_now,True,likely_complete,seed round,False,up,,357.142857,0.63061058,356.51224642,565.3445370675512,False,1071.428571,10.33231186,1061.09625914,102.69688657461796,False,30.714286,6.10328638,24.61099962,4.032417633334125,False
613912775_146007652T,round_3,raise_now,True,likely_complete,seed round,False,up,,357.142857,0.63061058,356.51224642,565.3445370675512,False,1071.428571,10.33231186,1061.09625914,102.69688657461796,False,30.714286,6.10328638,24.61099962,4.032417633334125,False
613912775_146007652T,final,raise_now,True,likely_complete,seed round,False,up,,357.142857,0.63061058,356.51224642,565.3445370675512,False,1071.428571,10.33231186,1061.09625914,102.69688657461796,False,30.714286,6.10328638,24.61099962,4.032417633334125,False
613912775_798380947T,initial,raise_now,True,likely_complete,early stage vc,True,up,False,1.357143,2.2426527,0.8855096999999998,0.3948492336775997,True,15.0,7.4306451,7.5693549,1.0186672621465935,False,15.0,52.25864357,37.25864357,0.7129661434876772,False
613912775_798380947T,round_1,raise_now,True,likely_complete,early stage vc,True,up,False,1.357143,2.2426527,0.8855096999999998,0.3948492336775997,True,15.0,7.4306451,7.5693549,1.0186672621465935,False,15.0,52.25864357,37.25864357,0.7129661434876772,False
613912775_798380947T,round_2,raise_now,True,likely_complete,early stage vc,True,up,False,1.357143,2.2426527,0.8855096999999998,0.3948492336775997,True,15.0,7.4306451,7.5693549,1.0186672621465935,False,15.0,52.25864357,37.25864357,0.7129661434876772,False
613912775_798380947T,round_3,raise_now,True,likely_complete,early stage vc,True,up,False,1.357143,2.2426527,0.8855096999999998,0.3948492336775997,True,15.0,7.4306451,7.5693549,1.0186672621465935,False,15.0,52.25864357,37.25864357,0.7129661434876772,False
613912775_798380947T,final,raise_now,True,likely_complete,early stage vc,True,up,False,1.357143,2.2426527,0.8855096999999998,0.3948492336775997,True,15.0,7.4306451,7.5693549,1.0186672621465935,False,15.0,52.25864357,37.25864357,0.7129661434876772,False
613912775_710184722T,initial,raise_now,True,likely_complete,early stage vc,False,up,,4.357143,,,,,11.428571,,,,,35.0,,,,
613912775_710184722T,round_1,raise_now,True,likely_complete,early stage vc,False,up,,4.357143,,,,,11.428571,,,,,35.0,,,,
613912775_710184722T,round_2,raise_now,True,likely_complete,early stage vc,False,up,,4.357143,,,,,11.428571,,,,,35.0,,,,
613912775_710184722T,round_3,raise_now,True,likely_complete,early stage vc,False,up,,4.892857,,,,,11.857143,,,,,35.0,,,,
613912775_710184722T,final,raise_now,True,likely_complete,early stage vc,False,up,,4.892857,,,,,11.857143,,,,,35.0,,,,
617768550_348397524T,initial,raise_now,True,likely_complete,seed round,False,up,,4.785714,,,,,14.357143,,,,,25.571429,,,,
617768550_348397524T,round_1,raise_now,True,likely_complete,seed round,False,up,,4.857143,,,,,14.571429,,,,,25.214286,,,,
617768550_348397524T,round_2,raise_now,True,likely_complete,seed round,False,up,,4.857143,,,,,14.571429,,,,,25.214286,,,,
617768550_348397524T,round_3,raise_now,True,likely_complete,seed round,False,up,,4.857143,,,,,14.571429,,,,,25.214286,,,,
617768550_348397524T,final,raise_now,True,likely_complete,seed round,False,up,,4.857143,,,,,14.571429,,,,,25.214286,,,,
625322647_365842370T,initial,raise_now,True,likely_complete,early stage vc,False,up,,2.071429,0.42298255,1.6484464500000002,3.897197295727685,False,12.357143,3.17247909,9.184663910000001,2.895106208564483,False,25.357143,13.33287111,12.024271890000001,0.9018516560158963,False
625322647_365842370T,round_1,raise_now,True,likely_complete,seed round,True,up,,2.071429,0.42298255,1.6484464500000002,3.897197295727685,False,12.357143,3.17247909,9.184663910000001,2.895106208564483,False,25.357143,13.33287111,12.024271890000001,0.9018516560158963,False
625322647_365842370T,round_2,raise_now,True,likely_complete,seed round,True,up,,2.071429,0.42298255,1.6484464500000002,3.897197295727685,False,12.357143,3.17247909,9.184663910000001,2.895106208564483,False,25.357143,13.33287111,12.024271890000001,0.9018516560158963,False
625322647_365842370T,round_3,raise_now,True,likely_complete,seed round,True,up,,2.071429,0.42298255,1.6484464500000002,3.897197295727685,False,12.357143,3.17247909,9.184663910000001,2.895106208564483,False,25.357143,13.33287111,12.024271890000001,0.9018516560158963,False
625322647_365842370T,final,raise_now,True,likely_complete,seed round,True,up,,2.071429,0.42298255,1.6484464500000002,3.897197295727685,False,12.357143,3.17247909,9.184663910000001,2.895106208564483,False,25.357143,13.33287111,12.024271890000001,0.9018516560158963,False
627018345_056824043T,initial,raise_now,True,likely_complete,seed round,True,up,,2.464286,1.8825,0.5817859999999999,0.30904966799468786,True,14.785714,6.0,8.785714,1.4642856666666668,False,25.0,31.375,6.375,0.20318725099601595,True
627018345_056824043T,round_1,raise_now,True,likely_complete,seed round,True,up,,2.464286,1.8825,0.5817859999999999,0.30904966799468786,True,14.785714,6.0,8.785714,1.4642856666666668,False,25.0,31.375,6.375,0.20318725099601595,True
627018345_056824043T,round_2,raise_now,True,likely_complete,seed round,True,up,,2.464286,1.8825,0.5817859999999999,0.30904966799468786,True,14.785714,6.0,8.785714,1.4642856666666668,False,25.0,31.375,6.375,0.20318725099601595,True
627018345_056824043T,round_3,raise_now,True,likely_complete,seed round,True,up,,2.464286,1.8825,0.5817859999999999,0.30904966799468786,True,14.785714,6.0,8.785714,1.4642856666666668,False,25.0,31.375,6.375,0.20318725099601595,True
627018345_056824043T,final,raise_now,True,likely_complete,seed round,True,up,,2.464286,1.8825,0.5817859999999999,0.30904966799468786,True,14.785714,6.0,8.785714,1.4642856666666668,False,25.0,31.375,6.375,0.20318725099601595,True
627018345_496692556T,initial,raise_now,True,likely_complete,early stage vc,True,up,True,3.75,0.999999,2.750001,2.75000375000375,False,12.0,9.391599,2.6084010000000006,0.2777376887577931,True,25.0,29.68571429,4.68571429,0.15784408096854993,True
627018345_496692556T,round_1,raise_now,True,likely_complete,early stage vc,True,up,True,3.75,0.999999,2.750001,2.75000375000375,False,12.0,9.391599,2.6084010000000006,0.2777376887577931,True,25.0,29.68571429,4.68571429,0.15784408096854993,True
627018345_496692556T,round_2,raise_now,True,likely_complete,early stage vc,True,up,True,3.75,0.999999,2.750001,2.75000375000375,False,12.0,9.391599,2.6084010000000006,0.2777376887577931,True,25.0,29.68571429,4.68571429,0.15784408096854993,True
627018345_496692556T,round_3,raise_now,True,likely_complete,early stage vc,True,up,True,3.75,0.999999,2.750001,2.75000375000375,False,12.0,9.391599,2.6084010000000006,0.2777376887577931,True,25.0,29.68571429,4.68571429,0.15784408096854993,True
627018345_496692556T,final,raise_now,True,likely_complete,early stage vc,True,up,True,3.75,0.999999,2.750001,2.75000375000375,False,12.0,9.391599,2.6084010000000006,0.2777376887577931,True,25.0,29.68571429,4.68571429,0.15784408096854993,True
627018345_377129745T,initial,raise_now,True,likely_complete,early stage vc,True,up,True,4.928571,7.00014,2.071569,0.29593250992123016,True,14.857143,32.00064,17.143496999999996,0.5357235667786644,False,25.0,42.47008547,17.47008547,0.4113503723071269,True
627018345_377129745T,round_1,raise_now,True,likely_complete,early stage vc,True,up,True,4.928571,7.00014,2.071569,0.29593250992123016,True,14.857143,32.00064,17.143496999999996,0.5357235667786644,False,25.0,42.47008547,17.47008547,0.4113503723071269,True
627018345_377129745T,round_2,raise_now,True,likely_complete,early stage vc,True,up,True,4.928571,7.00014,2.071569,0.29593250992123016,True,14.857143,32.00064,17.143496999999996,0.5357235667786644,False,25.0,42.47008547,17.47008547,0.4113503723071269,True
627018345_377129745T,round_3,raise_now,True,likely_complete,early stage vc,True,up,True,5.0,7.00014,2.00014,0.2857285711428629,True,15.0,32.00064,17.000639999999997,0.5312593748125037,False,25.0,42.47008547,17.47008547,0.4113503723071269,True
627018345_377129745T,final,raise_now,True,likely_complete,early stage vc,True,up,True,5.0,7.00014,2.00014,0.2857285711428629,True,15.0,32.00064,17.000639999999997,0.5312593748125037,False,25.0,42.47008547,17.47008547,0.4113503723071269,True
627018345_449868806T,initial,raise_now,True,likely_complete,early stage vc,True,up,True,18.571429,9.999934,8.571494999999999,0.8571551572240376,False,58.928571,50.000001,8.92857,0.1785713964285721,True,35.0,51.14556004,16.14556004,0.3156786244470264,True
627018345_449868806T,round_1,raise_now,True,likely_complete,early stage vc,True,up,True,18.571429,9.999934,8.571494999999999,0.8571551572240376,False,58.928571,50.000001,8.92857,0.1785713964285721,True,35.0,51.14556004,16.14556004,0.3156786244470264,True
627018345_449868806T,round_2,raise_now,True,likely_complete,early stage vc,True,up,True,18.571429,9.999934,8.571494999999999,0.8571551572240376,False,58.928571,50.000001,8.92857,0.1785713964285721,True,35.0,51.14556004,16.14556004,0.3156786244470264,True
627018345_449868806T,round_3,raise_now,True,likely_complete,early stage vc,True,up,True,25.0,9.999934,15.000066,1.5000165001089008,False,75.0,50.000001,24.999999000000003,0.4999999700000007,True,35.0,51.14556004,16.14556004,0.3156786244470264,True
627018345_449868806T,final,raise_now,True,likely_complete,early stage vc,True,up,True,25.0,9.999934,15.000066,1.5000165001089008,False,75.0,50.000001,24.999999000000003,0.4999999700000007,True,35.0,51.14556004,16.14556004,0.3156786244470264,True
641096591_470066679T,initial,raise_now,True,likely_complete,seed round,True,up,,1.928571,0.72285711,1.2057138900000002,1.6679837181099322,False,7.714286,4.17353966,3.54074634,0.848379703668612,False,25.0,,,,
641096591_470066679T,round_1,raise_now,True,likely_complete,seed round,True,up,,1.928571,0.72285711,1.2057138900000002,1.6679837181099322,False,7.714286,4.17353966,3.54074634,0.848379703668612,False,25.0,,,,
641096591_470066679T,round_2,raise_now,True,likely_complete,seed round,True,up,,1.928571,0.72285711,1.2057138900000002,1.6679837181099322,False,7.714286,4.17353966,3.54074634,0.848379703668612,False,25.0,,,,
641096591_470066679T,round_3,raise_now,True,likely_complete,seed round,True,up,,1.928571,0.72285711,1.2057138900000002,1.6679837181099322,False,7.714286,4.17353966,3.54074634,0.848379703668612,False,25.0,,,,
641096591_470066679T,final,raise_now,True,likely_complete,seed round,True,up,,1.928571,0.72285711,1.2057138900000002,1.6679837181099322,False,7.714286,4.17353966,3.54074634,0.848379703668612,False,25.0,,,,
641096591_381168485T,initial,raise_now,True,likely_complete,early stage vc,True,up,,1.464286,1.6020893,0.13780330000000007,0.0860147433729194,True,5.464286,,,,,25.0,,,,
641096591_381168485T,round_1,raise_now,True,likely_complete,early stage vc,True,up,,1.464286,1.6020893,0.13780330000000007,0.0860147433729194,True,5.464286,,,,,25.0,,,,
641096591_381168485T,round_2,raise_now,True,likely_complete,early stage vc,True,up,,1.464286,1.6020893,0.13780330000000007,0.0860147433729194,True,5.464286,,,,,25.0,,,,
641096591_381168485T,round_3,raise_now,True,likely_complete,early stage vc,True,up,,1.464286,1.6020893,0.13780330000000007,0.0860147433729194,True,5.464286,,,,,25.0,,,,
641096591_381168485T,final,raise_now,True,likely_complete,early stage vc,True,up,,1.464286,1.6020893,0.13780330000000007,0.0860147433729194,True,5.464286,,,,,25.0,,,,
641096591_979600248T,initial,raise_now,True,likely_complete,early stage vc,False,up,,3.0,1.65138593,1.34861407,0.816655904292463,False,5.0,,,,,25.0,,,,
641096591_979600248T,round_1,raise_now,True,likely_complete,early stage vc,False,up,,3.0,1.65138593,1.34861407,0.816655904292463,False,5.0,,,,,25.0,,,,
641096591_979600248T,round_2,raise_now,True,likely_complete,early stage vc,False,up,,3.0,1.65138593,1.34861407,0.816655904292463,False,5.0,,,,,25.0,,,,
641096591_979600248T,round_3,raise_now,True,likely_complete,early stage vc,False,up,,3.0,1.65138593,1.34861407,0.816655904292463,False,5.0,,,,,25.0,,,,
641096591_979600248T,final,raise_now,True,likely_complete,early stage vc,False,up,,3.0,1.65138593,1.34861407,0.816655904292463,False,5.0,,,,,25.0,,,,
647037600_894423158T,initial,raise_now,True,likely_complete,early stage vc,False,up,,2.357143,3.25,0.8928569999999998,0.2747252307692307,True,13.571429,,,,,25.0,,,,
647037600_894423158T,round_1,raise_now,True,likely_complete,early stage vc,False,up,,2.357143,3.25,0.8928569999999998,0.2747252307692307,True,13.571429,,,,,25.0,,,,
647037600_894423158T,round_2,raise_now,True,likely_complete,early stage vc,False,up,,2.357143,3.25,0.8928569999999998,0.2747252307692307,True,13.571429,,,,,25.0,,,,
647037600_894423158T,round_3,raise_now,True,likely_complete,early stage vc,False,up,,2.357143,3.25,0.8928569999999998,0.2747252307692307,True,13.571429,,,,,25.0,,,,
647037600_894423158T,final,raise_now,True,likely_complete,early stage vc,False,up,,2.357143,3.25,0.8928569999999998,0.2747252307692307,True,13.571429,,,,,25.0,,,,
647037600_445584285T,initial,raise_now,True,likely_complete,early stage vc,True,up,,6.5,,,,,10.0,,,,,25.0,,,,
647037600_445584285T,round_1,raise_now,True,likely_complete,early stage vc,True,up,,6.5,,,,,10.0,,,,,25.0,,,,
647037600_445584285T,round_2,raise_now,True,likely_complete,early stage vc,True,up,,6.5,,,,,10.0,,,,,25.0,,,,
647037600_445584285T,round_3,raise_now,True,likely_complete,early stage vc,True,up,,6.5,,,,,10.0,,,,,25.0,,,,
647037600_445584285T,final,raise_now,True,likely_complete,early stage vc,True,up,,6.5,,,,,10.0,,,,,25.0,,,,
648433679_100432341T,initial,raise_now,True,likely_complete,seed round,True,up,,2.464286,0.56589726,1.8983887400000001,3.3546526448988288,False,14.785714,,,,,25.0,,,,
648433679_100432341T,round_1,raise_now,True,likely_complete,seed round,True,up,,2.464286,0.56589726,1.8983887400000001,3.3546526448988288,False,14.785714,,,,,25.0,,,,
648433679_100432341T,round_2,raise_now,True,likely_complete,seed round,True,up,,2.464286,0.56589726,1.8983887400000001,3.3546526448988288,False,14.785714,,,,,25.0,,,,
648433679_100432341T,round_3,raise_now,True,likely_complete,seed round,True,up,,2.464286,0.56589726,1.8983887400000001,3.3546526448988288,False,14.785714,,,,,25.0,,,,
648433679_100432341T,final,raise_now,True,likely_complete,seed round,True,up,,2.464286,0.56589726,1.8983887400000001,3.3546526448988288,False,14.785714,,,,,25.0,,,,
648433679_703984858T,initial,raise_now,True,likely_complete,early stage vc,False,up,,1.385714,0.54583073,0.8398832699999998,1.5387247801163555,False,2.414286,,,,,25.0,,,,
648433679_703984858T,round_1,raise_now,True,likely_complete,early stage vc,False,up,,1.385714,0.54583073,0.8398832699999998,1.5387247801163555,False,2.414286,,,,,25.0,,,,
648433679_703984858T,round_2,raise_now,True,likely_complete,early stage vc,False,up,,1.385714,0.54583073,0.8398832699999998,1.5387247801163555,False,2.414286,,,,,25.0,,,,
648433679_703984858T,round_3,raise_now,True,likely_complete,early stage vc,False,up,,1.214286,0.54583073,0.6684552699999999,1.2246567172940224,False,2.285714,,,,,25.0,,,,
648433679_703984858T,final,raise_now,True,likely_complete,early stage vc,False,up,,1.214286,0.54583073,0.6684552699999999,1.2246567172940224,False,2.285714,,,,,25.0,,,,
673087256_648833497T,initial,raise_now,True,likely_complete,seed round,False,up,,1.857143,0.31439607,1.5427469299999998,4.907017221939192,False,14.142857,,,,,25.0,,,,
673087256_648833497T,round_1,raise_now,True,likely_complete,seed round,False,up,,1.857143,0.31439607,1.5427469299999998,4.907017221939192,False,14.142857,,,,,25.0,,,,
673087256_648833497T,round_2,raise_now,True,likely_complete,seed round,False,up,,1.857143,0.31439607,1.5427469299999998,4.907017221939192,False,14.142857,,,,,25.0,,,,
673087256_648833497T,round_3,raise_now,True,likely_complete,seed round,False,up,,1.857143,0.31439607,1.5427469299999998,4.907017221939192,False,14.142857,,,,,25.0,,,,
673087256_648833497T,final,raise_now,True,likely_complete,seed round,False,up,,1.857143,0.31439607,1.5427469299999998,4.907017221939192,False,14.142857,,,,,25.0,,,,
695406116_499898191T,initial,raise_now,True,likely_complete,seed round,False,up,,2.0,6.55919033,4.55919033,0.6950843169083645,False,8.0,24.35621761,16.35621761,0.6715417751598911,False,25.0,26.93024991,1.9302499100000006,0.07167590038899868,True
695406116_499898191T,round_1,raise_now,True,likely_complete,seed round,False,up,,2.0,6.55919033,4.55919033,0.6950843169083645,False,8.0,24.35621761,16.35621761,0.6715417751598911,False,25.0,26.93024991,1.9302499100000006,0.07167590038899868,True
695406116_499898191T,round_2,raise_now,True,likely_complete,seed round,False,up,,2.0,6.55919033,4.55919033,0.6950843169083645,False,8.0,24.35621761,16.35621761,0.6715417751598911,False,25.0,26.93024991,1.9302499100000006,0.07167590038899868,True
695406116_499898191T,round_3,raise_now,True,likely_complete,seed round,False,up,,2.0,6.55919033,4.55919033,0.6950843169083645,False,8.0,24.35621761,16.35621761,0.6715417751598911,False,25.0,26.93024991,1.9302499100000006,0.07167590038899868,True
695406116_499898191T,final,raise_now,True,likely_complete,seed round,False,up,,2.0,6.55919033,4.55919033,0.6950843169083645,False,8.0,24.35621761,16.35621761,0.6715417751598911,False,25.0,26.93024991,1.9302499100000006,0.07167590038899868,True
695406116_977223306T,initial,raise_now,True,likely_complete,early stage vc,True,up,False,15.714286,7.64222742,8.07205858,1.0562442251947535,False,39.428571,30.0416973,9.386873699999999,0.3124614966412034,True,25.0,47.0402878,22.0402878,0.46854066653903426,True
695406116_977223306T,round_1,raise_now,True,likely_complete,early stage vc,True,up,False,15.714286,7.64222742,8.07205858,1.0562442251947535,False,39.428571,30.0416973,9.386873699999999,0.3124614966412034,True,25.0,47.0402878,22.0402878,0.46854066653903426,True
695406116_977223306T,round_2,raise_now,True,likely_complete,early stage vc,True,up,False,15.714286,7.64222742,8.07205858,1.0562442251947535,False,39.428571,30.0416973,9.386873699999999,0.3124614966412034,True,25.0,47.0402878,22.0402878,0.46854066653903426,True
695406116_977223306T,round_3,raise_now,True,likely_complete,early stage vc,True,up,False,15.714286,7.64222742,8.07205858,1.0562442251947535,False,39.428571,30.0416973,9.386873699999999,0.3124614966412034,True,25.0,47.0402878,22.0402878,0.46854066653903426,True
695406116_977223306T,final,raise_now,True,likely_complete,early stage vc,True,up,False,15.714286,7.64222742,8.07205858,1.0562442251947535,False,39.428571,30.0416973,9.386873699999999,0.3124614966412034,True,25.0,47.0402878,22.0402878,0.46854066653903426,True
695406116_843339679T,initial,raise_now,True,likely_complete,early stage vc,True,up,False,10.142857,12.7034601,2.5606031,0.20156737454545948,True,40.142857,29.3237807,10.819076299999999,0.36895229884187475,True,35.357143,63.85615139,28.49900839,0.4463001256675015,True
695406116_843339679T,round_1,raise_now,True,likely_complete,early stage vc,True,up,False,10.142857,12.7034601,2.5606031,0.20156737454545948,True,40.142857,29.3237807,10.819076299999999,0.36895229884187475,True,35.357143,63.85615139,28.49900839,0.4463001256675015,True
695406116_843339679T,round_2,raise_now,True,likely_complete,early stage vc,True,up,False,10.142857,12.7034601,2.5606031,0.20156737454545948,True,40.142857,29.3237807,10.819076299999999,0.36895229884187475,True,35.357143,63.85615139,28.49900839,0.4463001256675015,True
695406116_843339679T,round_3,raise_now,True,likely_complete,early stage vc,True,up,False,10.142857,12.7034601,2.5606031,0.20156737454545948,True,40.142857,29.3237807,10.819076299999999,0.36895229884187475,True,35.357143,63.85615139,28.49900839,0.4463001256675015,True
695406116_843339679T,final,raise_now,True,likely_complete,early stage vc,True,up,False,10.142857,12.7034601,2.5606031,0.20156737454545948,True,40.142857,29.3237807,10.819076299999999,0.36895229884187475,True,35.357143,63.85615139,28.49900839,0.4463001256675015,True
712239740_964247306T,initial,raise_now,True,likely_complete,seed round,False,up,,4.857143,,,,,24.285714,,,,,25.0,,,,
712239740_964247306T,round_1,raise_now,True,likely_complete,seed round,False,up,,4.857143,,,,,24.285714,,,,,25.0,,,,
712239740_964247306T,round_2,raise_now,True,likely_complete,seed round,False,up,,4.857143,,,,,24.285714,,,,,25.0,,,,
712239740_964247306T,round_3,raise_now,True,likely_complete,seed round,False,up,,4.857143,,,,,24.285714,,,,,25.0,,,,
712239740_964247306T,final,raise_now,True,likely_complete,seed round,False,up,,4.857143,,,,,24.285714,,,,,25.0,,,,
715033945_619516421T,initial,raise_now,True,likely_complete,early stage vc,True,up,,2.464286,3.275,0.8107139999999999,0.24754625954198473,True,14.785714,8.5,6.2857140000000005,0.7394957647058824,False,25.0,38.52942353,13.529423530000003,0.3511452363014371,True
715033945_619516421T,round_1,raise_now,True,likely_complete,early stage vc,True,up,,2.464286,3.275,0.8107139999999999,0.24754625954198473,True,14.785714,8.5,6.2857140000000005,0.7394957647058824,False,25.0,38.52942353,13.529423530000003,0.3511452363014371,True
715033945_619516421T,round_2,raise_now,True,likely_complete,early stage vc,True,up,,2.464286,3.275,0.8107139999999999,0.24754625954198473,True,14.785714,8.5,6.2857140000000005,0.7394957647058824,False,25.0,38.52942353,13.529423530000003,0.3511452363014371,True
715033945_619516421T,round_3,raise_now,True,likely_complete,early stage vc,True,up,,2.464286,3.275,0.8107139999999999,0.24754625954198473,True,14.785714,8.5,6.2857140000000005,0.7394957647058824,False,25.0,38.52942353,13.529423530000003,0.3511452363014371,True
715033945_619516421T,final,raise_now,True,likely_complete,early stage vc,True,up,,2.464286,3.275,0.8107139999999999,0.24754625954198473,True,14.785714,8.5,6.2857140000000005,0.7394957647058824,False,25.0,38.52942353,13.529423530000003,0.3511452363014371,True
715033945_181019126T,initial,raise_now,True,likely_complete,early stage vc,True,up,True,5.0,15.000002,10.000002,0.6666667111111052,False,12.0,65.000006,53.000006,0.8153846324260339,False,25.0,52.49381011,27.49381011,0.5237533730622168,False
715033945_181019126T,round_1,raise_now,True,likely_complete,early stage vc,True,up,True,5.0,15.000002,10.000002,0.6666667111111052,False,12.0,65.000006,53.000006,0.8153846324260339,False,25.0,52.49381011,27.49381011,0.5237533730622168,False
715033945_181019126T,round_2,raise_now,True,likely_complete,early stage vc,True,up,True,5.0,15.000002,10.000002,0.6666667111111052,False,12.0,65.000006,53.000006,0.8153846324260339,False,25.0,52.49381011,27.49381011,0.5237533730622168,False
715033945_181019126T,round_3,raise_now,True,likely_complete,early stage vc,True,up,True,5.0,15.000002,10.000002,0.6666667111111052,False,12.0,65.000006,53.000006,0.8153846324260339,False,25.0,52.49381011,27.49381011,0.5237533730622168,False
715033945_181019126T,final,raise_now,True,likely_complete,early stage vc,True,up,True,5.0,15.000002,10.000002,0.6666667111111052,False,12.0,65.000006,53.000006,0.8153846324260339,False,25.0,52.49381011,27.49381011,0.5237533730622168,False
715033945_782061400T,initial,raise_now,True,likely_complete,early stage vc,False,up,True,25.0,10.000004,14.999996,1.4999990000003998,False,100.0,98.500007,1.4999930000000035,0.015228354247731207,True,35.0,54.14033344,19.14033344,0.3535318721524298,True
715033945_782061400T,round_1,raise_now,True,likely_complete,early stage vc,False,up,True,25.0,10.000004,14.999996,1.4999990000003998,False,100.0,98.500007,1.4999930000000035,0.015228354247731207,True,35.0,54.14033344,19.14033344,0.3535318721524298,True
715033945_782061400T,round_2,raise_now,True,likely_complete,early stage vc,False,up,True,25.0,10.000004,14.999996,1.4999990000003998,False,100.0,98.500007,1.4999930000000035,0.015228354247731207,True,35.0,54.14033344,19.14033344,0.3535318721524298,True
715033945_782061400T,round_3,raise_now,True,likely_complete,early stage vc,False,up,True,25.0,10.000004,14.999996,1.4999990000003998,False,100.0,98.500007,1.4999930000000035,0.015228354247731207,True,35.0,54.14033344,19.14033344,0.3535318721524298,True
715033945_782061400T,final,raise_now,True,likely_complete,early stage vc,False,up,True,25.0,10.000004,14.999996,1.4999990000003998,False,100.0,98.500007,1.4999930000000035,0.015228354247731207,True,35.0,54.14033344,19.14033344,0.3535318721524298,True
715033945_910469984T,initial,raise_now,True,likely_complete,later stage vc,True,up,,25.0,1.500007,23.499993,15.66658888925185,False,125.0,,,,,35.0,,,,
715033945_910469984T,round_1,raise_now,True,likely_complete,later stage vc,True,up,,25.0,1.500007,23.499993,15.66658888925185,False,125.0,,,,,35.0,,,,
715033945_910469984T,round_2,raise_now,True,likely_complete,later stage vc,True,up,,25.0,1.500007,23.499993,15.66658888925185,False,125.0,,,,,35.0,,,,
715033945_910469984T,round_3,raise_now,True,likely_complete,later stage vc,True,up,,25.0,1.500007,23.499993,15.66658888925185,False,125.0,,,,,35.0,,,,
715033945_910469984T,final,raise_now,True,likely_complete,later stage vc,True,up,,25.0,1.500007,23.499993,15.66658888925185,False,125.0,,,,,35.0,,,,
715033945_282542900T,initial,raise_now,True,likely_complete,early stage vc,False,up,,15.0,8.0,7.0,0.875,False,65.0,,,,,52.0,,,,
715033945_282542900T,round_1,raise_now,True,likely_complete,early stage vc,False,up,,15.0,8.0,7.0,0.875,False,65.0,,,,,52.0,,,,
715033945_282542900T,round_2,raise_now,True,likely_complete,early stage vc,False,up,,15.0,8.0,7.0,0.875,False,65.0,,,,,52.0,,,,
715033945_282542900T,round_3,raise_now,True,likely_complete,early stage vc,False,up,,15.0,8.0,7.0,0.875,False,65.0,,,,,52.0,,,,
715033945_282542900T,final,raise_now,True,likely_complete,early stage vc,False,up,,15.0,8.0,7.0,0.875,False,65.0,,,,,52.0,,,,
719387351_143471987T,initial,raise_now,True,likely_complete,early stage vc,False,up,,2.0,4.170682,2.1706820000000002,0.5204621210631739,False,8.0,12.170682,4.170681999999999,0.34268268614692254,True,25.0,38.35232387,13.35232387,0.3481490173909506,True
719387351_143471987T,round_1,raise_now,True,likely_complete,early stage vc,False,up,,2.0,4.170682,2.1706820000000002,0.5204621210631739,False,8.0,12.170682,4.170681999999999,0.34268268614692254,True,25.0,38.35232387,13.35232387,0.3481490173909506,True
719387351_143471987T,round_2,raise_now,True,likely_complete,early stage vc,False,up,,2.0,4.170682,2.1706820000000002,0.5204621210631739,False,8.0,12.170682,4.170681999999999,0.34268268614692254,True,25.0,38.35232387,13.35232387,0.3481490173909506,True
719387351_143471987T,round_3,raise_now,True,likely_complete,early stage vc,False,up,,2.0,4.170682,2.1706820000000002,0.5204621210631739,False,8.0,12.170682,4.170681999999999,0.34268268614692254,True,25.0,38.35232387,13.35232387,0.3481490173909506,True
719387351_143471987T,final,raise_now,True,likely_complete,early stage vc,False,up,,2.0,4.170682,2.1706820000000002,0.5204621210631739,False,8.0,12.170682,4.170681999999999,0.34268268614692254,True,25.0,38.35232387,13.35232387,0.3481490173909506,True
719387351_242303307T,initial,raise_now,True,likely_complete,early stage vc,True,up,,6.142857,,,,,18.142857,,,,,25.0,,,,
719387351_242303307T,round_1,raise_now,True,likely_complete,early stage vc,True,up,,6.142857,,,,,18.142857,,,,,25.0,,,,
719387351_242303307T,round_2,raise_now,True,likely_complete,early stage vc,True,up,,6.142857,,,,,18.142857,,,,,25.0,,,,
719387351_242303307T,round_3,raise_now,True,likely_complete,early stage vc,True,up,,6.142857,,,,,18.142857,,,,,25.0,,,,
719387351_242303307T,final,raise_now,True,likely_complete,early stage vc,True,up,,6.142857,,,,,18.142857,,,,,25.0,,,,
719387351_846635359T,initial,raise_now,True,likely_complete,seed round,False,up,,2.0,,,,,8.0,,,,,25.0,,,,
719387351_846635359T,round_1,raise_now,True,likely_complete,seed round,False,up,,2.0,,,,,8.0,,,,,25.0,,,,
719387351_846635359T,round_2,raise_now,True,likely_complete,seed round,False,up,,2.0,,,,,8.0,,,,,25.0,,,,
719387351_846635359T,round_3,raise_now,True,likely_complete,seed round,False,up,,2.0,,,,,8.0,,,,,25.0,,,,
719387351_846635359T,final,raise_now,True,likely_complete,seed round,False,up,,2.0,,,,,8.0,,,,,25.0,,,,
731974964_147367317T,initial,raise_now,True,likely_complete,seed round,False,up,,2.357143,,,,,9.428571,,,,,25.0,,,,
731974964_147367317T,round_1,raise_now,True,likely_complete,seed round,False,up,,2.357143,,,,,9.428571,,,,,25.0,,,,
731974964_147367317T,round_2,raise_now,True,likely_complete,seed round,False,up,,2.357143,,,,,9.428571,,,,,25.0,,,,
731974964_147367317T,round_3,raise_now,True,likely_complete,seed round,False,up,,2.357143,,,,,9.428571,,,,,25.0,,,,
731974964_147367317T,final,raise_now,True,likely_complete,seed round,False,up,,2.357143,,,,,9.428571,,,,,25.0,,,,
731974964_595520876T,initial,raise_now,True,likely_complete,early stage vc,True,up,,2.357143,,,,,11.428571,,,,,25.0,,,,
731974964_595520876T,round_1,raise_now,True,likely_complete,early stage vc,True,up,,2.357143,,,,,11.428571,,,,,25.0,,,,
731974964_595520876T,round_2,raise_now,True,likely_complete,early stage vc,True,up,,2.357143,,,,,11.428571,,,,,25.0,,,,
731974964_595520876T,round_3,raise_now,True,likely_complete,early stage vc,True,up,,2.357143,,,,,11.428571,,,,,25.0,,,,
731974964_595520876T,final,raise_now,True,likely_complete,early stage vc,True,up,,2.357143,,,,,11.428571,,,,,25.0,,,,
733989984_993110016T,initial,raise_now,True,likely_complete,seed round,True,up,,2.464286,0.15575925,2.30852675,14.821121378024099,False,14.785714,,,,,25.0,,,,
733989984_993110016T,round_1,raise_now,True,likely_complete,seed round,True,up,,2.464286,0.15575925,2.30852675,14.821121378024099,False,14.785714,,,,,25.0,,,,
733989984_993110016T,round_2,raise_now,True,likely_complete,seed round,True,up,,2.464286,0.15575925,2.30852675,14.821121378024099,False,14.785714,,,,,25.0,,,,
733989984_993110016T,round_3,raise_now,True,likely_complete,seed round,True,up,,2.464286,0.15575925,2.30852675,14.821121378024099,False,14.785714,,,,,25.0,,,,
733989984_993110016T,final,raise_now,True,likely_complete,seed round,True,up,,2.464286,0.15575925,2.30852675,14.821121378024099,False,14.785714,,,,,25.0,,,,
749494801_557473942T,initial,raise_now,True,likely_complete,seed round,True,up,,0.964286,3.3,2.335714,0.7077921212121212,False,2.964286,10.0,7.0357140000000005,0.7035714000000001,False,33.809214,33.00000157,0.8092124299999952,0.02452158762124553,True
749494801_557473942T,round_1,raise_now,True,likely_complete,seed round,True,up,,0.964286,3.3,2.335714,0.7077921212121212,False,2.964286,10.0,7.0357140000000005,0.7035714000000001,False,33.809214,33.00000157,0.8092124299999952,0.02452158762124553,True
749494801_557473942T,round_2,raise_now,True,likely_complete,seed round,True,up,,0.964286,3.3,2.335714,0.7077921212121212,False,2.964286,10.0,7.0357140000000005,0.7035714000000001,False,33.809214,33.00000157,0.8092124299999952,0.02452158762124553,True
749494801_557473942T,round_3,raise_now,True,likely_complete,seed round,True,up,,0.964286,3.3,2.335714,0.7077921212121212,False,2.964286,10.0,7.0357140000000005,0.7035714000000001,False,33.809214,33.00000157,0.8092124299999952,0.02452158762124553,True
749494801_557473942T,final,raise_now,True,likely_complete,seed round,True,up,,0.964286,3.3,2.335714,0.7077921212121212,False,2.964286,10.0,7.0357140000000005,0.7035714000000001,False,33.809214,33.00000157,0.8092124299999952,0.02452158762124553,True
749494801_437639184T,initial,raise_now,True,likely_complete,early stage vc,False,up,False,6.0,6.0,0.0,0.0,True,20.0,16.0,4.0,0.25,True,25.0,58.12500109,33.12500109,0.5698924811839517,False
749494801_437639184T,round_1,raise_now,True,likely_complete,early stage vc,False,up,False,6.0,6.0,0.0,0.0,True,20.0,16.0,4.0,0.25,True,25.0,58.12500109,33.12500109,0.5698924811839517,False
749494801_437639184T,round_2,raise_now,True,likely_complete,early stage vc,False,up,False,6.0,6.0,0.0,0.0,True,20.0,16.0,4.0,0.25,True,25.0,58.12500109,33.12500109,0.5698924811839517,False
749494801_437639184T,round_3,raise_now,True,likely_complete,early stage vc,False,up,False,6.0,6.0,0.0,0.0,True,20.0,16.0,4.0,0.25,True,25.0,58.12500109,33.12500109,0.5698924811839517,False
749494801_437639184T,final,raise_now,True,likely_complete,early stage vc,False,up,False,6.0,6.0,0.0,0.0,True,20.0,16.0,4.0,0.25,True,25.0,58.12500109,33.12500109,0.5698924811839517,False
749494801_221812960T,initial,raise_now,True,likely_complete,early stage vc,False,up,,12.0,6.0,6.0,1.0,False,28.0,,,,,35.0,,,,
749494801_221812960T,round_1,raise_now,True,likely_complete,early stage vc,False,up,,12.0,6.0,6.0,1.0,False,28.0,,,,,35.0,,,,
749494801_221812960T,round_2,raise_now,True,likely_complete,early stage vc,False,up,,12.0,6.0,6.0,1.0,False,28.0,,,,,35.0,,,,
749494801_221812960T,round_3,raise_now,True,likely_complete,early stage vc,False,up,,12.0,6.0,6.0,1.0,False,28.0,,,,,35.0,,,,
749494801_221812960T,final,raise_now,True,likely_complete,early stage vc,False,up,,12.0,6.0,6.0,1.0,False,28.0,,,,,35.0,,,,
754355015_689328261T,initial,raise_now,True,likely_complete,seed round,True,up,,2.464286,,,,,14.642857,,,,,25.0,,,,
754355015_689328261T,round_1,raise_now,True,likely_complete,seed round,True,up,,2.464286,,,,,14.642857,,,,,25.0,,,,
754355015_689328261T,round_2,raise_now,True,likely_complete,seed round,True,up,,2.464286,,,,,14.642857,,,,,25.0,,,,
754355015_689328261T,round_3,raise_now,True,likely_complete,seed round,True,up,,2.464286,,,,,14.642857,,,,,25.0,,,,
754355015_689328261T,final,raise_now,True,likely_complete,seed round,True,up,,2.464286,,,,,14.642857,,,,,25.0,,,,
754355015_648577141T,initial,raise_now,True,likely_complete,early stage vc,False,up,,1.964286,5.0,3.035714,0.6071428,False,2.964286,,,,,25.0,,,,
754355015_648577141T,round_1,raise_now,True,likely_complete,seed round,True,up,,1.964286,5.0,3.035714,0.6071428,False,2.964286,,,,,25.0,,,,
754355015_648577141T,round_2,raise_now,True,likely_complete,seed round,True,up,,1.964286,5.0,3.035714,0.6071428,False,2.964286,,,,,25.0,,,,
754355015_648577141T,round_3,raise_now,True,likely_complete,seed round,True,up,,1.964286,5.0,3.035714,0.6071428,False,2.964286,,,,,25.0,,,,
754355015_648577141T,final,raise_now,True,likely_complete,seed round,True,up,,1.964286,5.0,3.035714,0.6071428,False,2.964286,,,,,25.0,,,,
768665878_708711765T,initial,raise_now,True,likely_complete,seed round,False,up,,3.5,0.62853612,2.87146388,4.568494615711185,False,11.285714,,,,,40.714286,,,,
768665878_708711765T,round_1,raise_now,True,likely_complete,seed round,False,up,,3.5,0.62853612,2.87146388,4.568494615711185,False,11.285714,,,,,40.714286,,,,
768665878_708711765T,round_2,raise_now,True,likely_complete,seed round,False,up,,3.5,0.62853612,2.87146388,4.568494615711185,False,11.285714,,,,,40.714286,,,,
768665878_708711765T,round_3,raise_now,True,likely_complete,seed round,False,up,,3.5,0.62853612,2.87146388,4.568494615711185,False,11.285714,,,,,40.714286,,,,
768665878_708711765T,final,raise_now,True,likely_complete,seed round,False,up,,3.5,0.62853612,2.87146388,4.568494615711185,False,11.285714,,,,,40.714286,,,,
768665878_606222292T,initial,raise_now,True,likely_complete,early stage vc,True,up,,1.789755,0.0746386,1.7151163999999999,22.978946550444405,False,2.682597,,,,,37.142857,,,,
768665878_606222292T,round_1,raise_now,True,likely_complete,early stage vc,True,up,,1.734669,0.0746386,1.6600304000000001,22.24091019928027,False,2.60073,,,,,36.071428,,,,
768665878_606222292T,round_2,raise_now,True,likely_complete,early stage vc,True,up,,1.734669,0.0746386,1.6600304000000001,22.24091019928027,False,2.60073,,,,,36.071428,,,,
768665878_606222292T,round_3,raise_now,True,likely_complete,early stage vc,True,up,,1.734669,0.0746386,1.6600304000000001,22.24091019928027,False,2.60073,,,,,36.071428,,,,
768665878_606222292T,final,raise_now,True,likely_complete,early stage vc,True,up,,1.734669,0.0746386,1.6600304000000001,22.24091019928027,False,2.60073,,,,,36.071428,,,,
768665878_231525826T,initial,raise_now,True,likely_complete,early stage vc,True,up,,0.2,0.40638819,0.20638818999999997,0.5078597141319485,False,0.925,,,,,25.0,,,,
768665878_231525826T,round_1,raise_now,True,likely_complete,early stage vc,True,up,,0.2,0.40638819,0.20638818999999997,0.5078597141319485,False,0.925,,,,,25.0,,,,
768665878_231525826T,round_2,raise_now,True,likely_complete,early stage vc,True,up,,0.2,0.40638819,0.20638818999999997,0.5078597141319485,False,0.925,,,,,25.0,,,,
768665878_231525826T,round_3,raise_now,True,likely_complete,early stage vc,True,up,,0.2,0.40638819,0.20638818999999997,0.5078597141319485,False,0.925,,,,,25.0,,,,
768665878_231525826T,final,raise_now,True,likely_complete,early stage vc,True,up,,0.2,0.40638819,0.20638818999999997,0.5078597141319485,False,0.925,,,,,25.0,,,,
768665878_222850852T,initial,raise_now,True,likely_complete,early stage vc,False,up,,0.928571,0.33893265,0.58963835,1.7396917942251948,False,2.285714,,,,,25.0,,,,
768665878_222850852T,round_1,raise_now,True,likely_complete,early stage vc,False,up,,0.928571,0.33893265,0.58963835,1.7396917942251948,False,2.285714,,,,,25.0,,,,
768665878_222850852T,round_2,raise_now,True,likely_complete,early stage vc,False,up,,0.928571,0.33893265,0.58963835,1.7396917942251948,False,2.285714,,,,,25.0,,,,
768665878_222850852T,round_3,raise_now,True,likely_complete,early stage vc,False,up,,0.928571,0.33893265,0.58963835,1.7396917942251948,False,2.285714,,,,,25.0,,,,
768665878_222850852T,final,raise_now,True,likely_complete,early stage vc,False,up,,0.928571,0.33893265,0.58963835,1.7396917942251948,False,2.285714,,,,,25.0,,,,
768665878_439073409T,initial,raise_now,True,likely_complete,early stage vc,False,up,,0.678571,0.06201332,0.61655768,9.942342709598519,False,2.071429,,,,,25.0,,,,
768665878_439073409T,round_1,raise_now,True,likely_complete,early stage vc,False,up,,0.678571,0.06201332,0.61655768,9.942342709598519,False,2.071429,,,,,25.0,,,,
768665878_439073409T,round_2,raise_now,True,likely_complete,early stage vc,False,up,,0.678571,0.06201332,0.61655768,9.942342709598519,False,2.071429,,,,,25.0,,,,
768665878_439073409T,round_3,raise_now,True,likely_complete,early stage vc,False,up,,0.678571,0.06201332,0.61655768,9.942342709598519,False,2.071429,,,,,25.0,,,,
768665878_439073409T,final,raise_now,True,likely_complete,early stage vc,False,up,,0.678571,0.06201332,0.61655768,9.942342709598519,False,2.071429,,,,,25.0,,,,
768665878_824569390T,initial,wait,False,likely_complete,other,False,flat,,0.0,0.13053598,0.13053598,1.0,False,0.0,,,,,0.0,,,,
768665878_824569390T,round_1,wait,False,likely_complete,other,False,flat,,0.0,0.13053598,0.13053598,1.0,False,0.0,,,,,0.0,,,,
768665878_824569390T,round_2,wait,False,likely_complete,other,False,flat,,0.0,0.13053598,0.13053598,1.0,False,0.0,,,,,0.0,,,,
768665878_824569390T,round_3,wait,False,likely_complete,other,False,flat,,0.0,0.13053598,0.13053598,1.0,False,0.0,,,,,0.0,,,,
768665878_824569390T,final,wait,False,likely_complete,other,False,flat,,0.0,0.13053598,0.13053598,1.0,False,0.0,,,,,0.0,,,,
779453397_731083259T,initial,raise_now,True,likely_complete,early stage vc,False,up,,5.0,3.902625,1.097375,0.28118894333941896,True,15.0,,,,,30.0,,,,
779453397_731083259T,round_1,raise_now,True,likely_complete,early stage vc,False,up,,5.0,3.902625,1.097375,0.28118894333941896,True,15.0,,,,,30.0,,,,
779453397_731083259T,round_2,raise_now,True,likely_complete,early stage vc,False,up,,5.0,3.902625,1.097375,0.28118894333941896,True,15.0,,,,,30.0,,,,
779453397_731083259T,round_3,raise_now,True,likely_complete,early stage vc,False,up,,5.0,3.902625,1.097375,0.28118894333941896,True,15.0,,,,,30.0,,,,
779453397_731083259T,final,raise_now,True,likely_complete,early stage vc,False,up,,5.0,3.902625,1.097375,0.28118894333941896,True,15.0,,,,,30.0,,,,
789678521_905192291T,initial,raise_now,True,likely_complete,seed round,True,up,,2.357143,0.01043085,2.34671215,224.97803630576607,False,14.142857,,,,,19.428571,,,,
789678521_905192291T,round_1,raise_now,True,likely_complete,seed round,True,up,,2.357143,0.01043085,2.34671215,224.97803630576607,False,14.142857,,,,,19.428571,,,,
789678521_905192291T,round_2,raise_now,True,likely_complete,seed round,True,up,,2.357143,0.01043085,2.34671215,224.97803630576607,False,14.142857,,,,,19.428571,,,,
789678521_905192291T,round_3,raise_now,True,likely_complete,seed round,True,up,,2.357143,0.01043085,2.34671215,224.97803630576607,False,14.142857,,,,,19.428571,,,,
789678521_905192291T,final,raise_now,True,likely_complete,seed round,True,up,,2.357143,0.01043085,2.34671215,224.97803630576607,False,14.142857,,,,,19.428571,,,,
789678521_762830767T,initial,raise_now,True,likely_complete,seed round,False,up,,2.071429,,,,,11.071429,,,,,25.357143,,,,
789678521_762830767T,round_1,raise_now,True,likely_complete,seed round,False,up,,2.071429,,,,,11.071429,,,,,25.357143,,,,
789678521_762830767T,round_2,raise_now,True,likely_complete,seed round,False,up,,2.071429,,,,,11.071429,,,,,25.357143,,,,
789678521_762830767T,round_3,raise_now,True,likely_complete,seed round,False,up,,2.071429,,,,,11.071429,,,,,25.357143,,,,
789678521_762830767T,final,raise_now,True,likely_complete,seed round,False,up,,2.071429,,,,,11.071429,,,,,25.357143,,,,
789935900_641432724T,initial,raise_now,True,likely_complete,seed round,False,up,,2.464286,,,,,14.785714,,,,,25.0,,,,
789935900_641432724T,round_1,raise_now,True,likely_complete,seed round,False,up,,2.464286,,,,,14.785714,,,,,25.0,,,,
789935900_641432724T,round_2,raise_now,True,likely_complete,seed round,False,up,,2.464286,,,,,14.785714,,,,,25.0,,,,
789935900_641432724T,round_3,raise_now,True,likely_complete,seed round,False,up,,2.464286,,,,,14.785714,,,,,25.0,,,,
789935900_641432724T,final,raise_now,True,likely_complete,seed round,False,up,,2.464286,,,,,14.785714,,,,,25.0,,,,
796338848_474364730T,initial,raise_now,True,likely_complete,early stage vc,False,up,,14.642857,,,,,48.571429,,,,,25.0,,,,
796338848_474364730T,round_1,raise_now,True,likely_complete,early stage vc,False,up,,14.642857,,,,,48.571429,,,,,25.0,,,,
796338848_474364730T,round_2,raise_now,True,likely_complete,early stage vc,False,up,,14.642857,,,,,48.571429,,,,,25.0,,,,
796338848_474364730T,round_3,raise_now,True,likely_complete,early stage vc,False,up,,14.642857,,,,,48.571429,,,,,25.0,,,,
796338848_474364730T,final,raise_now,True,likely_complete,early stage vc,False,up,,14.642857,,,,,48.571429,,,,,25.0,,,,
796338848_932102262T,initial,raise_now,True,likely_complete,early stage vc,False,up,,4.142857,0.5,3.6428570000000002,7.2857140000000005,False,22.142857,,,,,21.428571,,,,
796338848_932102262T,round_1,raise_now,True,likely_complete,early stage vc,False,up,,4.142857,0.5,3.6428570000000002,7.2857140000000005,False,22.142857,,,,,21.428571,,,,
796338848_932102262T,round_2,raise_now,True,likely_complete,early stage vc,False,up,,4.142857,0.5,3.6428570000000002,7.2857140000000005,False,22.142857,,,,,21.428571,,,,
796338848_932102262T,round_3,raise_now,True,likely_complete,early stage vc,False,up,,4.142857,0.5,3.6428570000000002,7.2857140000000005,False,22.142857,,,,,21.428571,,,,
796338848_932102262T,final,raise_now,True,likely_complete,early stage vc,False,up,,4.142857,0.5,3.6428570000000002,7.2857140000000005,False,22.142857,,,,,21.428571,,,,
796338848_115375297T,initial,raise_now,True,likely_complete,seed round,True,up,,1.142857,0.4,0.742857,1.8571425,False,2.142857,,,,,25.0,,,,
796338848_115375297T,round_1,raise_now,True,likely_complete,seed round,True,up,,1.142857,0.4,0.742857,1.8571425,False,2.142857,,,,,25.0,,,,
796338848_115375297T,round_2,raise_now,True,likely_complete,seed round,True,up,,1.142857,0.4,0.742857,1.8571425,False,2.142857,,,,,25.0,,,,
796338848_115375297T,round_3,raise_now,True,likely_complete,seed round,True,up,,1.142857,0.4,0.742857,1.8571425,False,2.142857,,,,,25.0,,,,
796338848_115375297T,final,raise_now,True,likely_complete,seed round,True,up,,1.142857,0.4,0.742857,1.8571425,False,2.142857,,,,,25.0,,,,
798494909_581539980T,initial,raise_now,True,likely_complete,seed round,False,up,,1.035714,5.0,3.964286,0.7928572,False,5.071429,,,,,25.0,,,,
798494909_581539980T,round_1,raise_now,True,likely_complete,seed round,False,up,,1.035714,5.0,3.964286,0.7928572,False,5.071429,,,,,25.0,,,,
798494909_581539980T,round_2,raise_now,True,likely_complete,seed round,False,up,,1.035714,5.0,3.964286,0.7928572,False,5.071429,,,,,25.0,,,,
798494909_581539980T,round_3,raise_now,True,likely_complete,seed round,False,up,,1.035714,5.0,3.964286,0.7928572,False,5.071429,,,,,25.0,,,,
798494909_581539980T,final,raise_now,True,likely_complete,seed round,False,up,,1.035714,5.0,3.964286,0.7928572,False,5.071429,,,,,25.0,,,,
811956194_422362760T,initial,raise_now,True,likely_complete,early stage vc,True,up,,2.071429,5.07403412,3.00260512,0.5917589533276532,False,11.071429,21.49273082,10.421301819999998,0.48487564969187097,True,25.357143,,,,
811956194_422362760T,round_1,raise_now,True,likely_complete,early stage vc,True,up,,2.071429,5.07403412,3.00260512,0.5917589533276532,False,11.071429,21.49273082,10.421301819999998,0.48487564969187097,True,25.357143,,,,
811956194_422362760T,round_2,raise_now,True,likely_complete,early stage vc,True,up,,2.071429,5.07403412,3.00260512,0.5917589533276532,False,11.071429,21.49273082,10.421301819999998,0.48487564969187097,True,25.357143,,,,
811956194_422362760T,round_3,raise_now,True,likely_complete,early stage vc,True,up,,2.071429,5.07403412,3.00260512,0.5917589533276532,False,11.071429,21.49273082,10.421301819999998,0.48487564969187097,True,25.357143,,,,
811956194_422362760T,final,raise_now,True,likely_complete,early stage vc,True,up,,2.071429,5.07403412,3.00260512,0.5917589533276532,False,11.071429,21.49273082,10.421301819999998,0.48487564969187097,True,25.357143,,,,
811956194_984457418T,initial,raise_now,True,likely_complete,early stage vc,True,up,False,10.0,1.48504446,8.51495554,5.733805127962298,False,35.0,15.49086088,19.50913912,1.2593967030707722,False,25.0,,,,
811956194_984457418T,round_1,raise_now,True,likely_complete,early stage vc,True,up,False,10.0,1.48504446,8.51495554,5.733805127962298,False,35.0,15.49086088,19.50913912,1.2593967030707722,False,25.0,,,,
811956194_984457418T,round_2,raise_now,True,likely_complete,early stage vc,True,up,False,10.0,1.48504446,8.51495554,5.733805127962298,False,35.0,15.49086088,19.50913912,1.2593967030707722,False,25.0,,,,
811956194_984457418T,round_3,raise_now,True,likely_complete,early stage vc,True,up,False,10.0,1.48504446,8.51495554,5.733805127962298,False,35.0,15.49086088,19.50913912,1.2593967030707722,False,25.0,,,,
811956194_984457418T,final,raise_now,True,likely_complete,early stage vc,True,up,False,10.0,1.48504446,8.51495554,5.733805127962298,False,35.0,15.49086088,19.50913912,1.2593967030707722,False,25.0,,,,
811956194_824711994T,initial,raise_now,True,likely_complete,early stage vc,False,up,,2.642857,,,,,17.285714,,,,,25.0,,,,
811956194_824711994T,round_1,raise_now,True,likely_complete,early stage vc,False,up,,2.642857,,,,,17.285714,,,,,25.0,,,,
811956194_824711994T,round_2,raise_now,True,likely_complete,early stage vc,False,up,,2.642857,,,,,17.285714,,,,,25.0,,,,
811956194_824711994T,round_3,raise_now,True,likely_complete,early stage vc,False,up,,2.642857,,,,,17.285714,,,,,25.0,,,,
811956194_824711994T,final,raise_now,True,likely_complete,early stage vc,False,up,,2.642857,,,,,17.285714,,,,,25.0,,,,
814115206_892905526T,initial,raise_now,True,likely_complete,seed round,False,up,,1.964286,,,,,7.857143,,,,,25.357143,,,,
814115206_892905526T,round_1,raise_now,True,likely_complete,seed round,False,up,,1.964286,,,,,7.857143,,,,,25.357143,,,,
814115206_892905526T,round_2,raise_now,True,likely_complete,seed round,False,up,,1.964286,,,,,7.857143,,,,,25.357143,,,,
814115206_892905526T,round_3,raise_now,True,likely_complete,seed round,False,up,,1.964286,,,,,7.857143,,,,,25.357143,,,,
814115206_892905526T,final,raise_now,True,likely_complete,seed round,False,up,,1.964286,,,,,7.857143,,,,,25.357143,,,,
814214500_661024171T,initial,raise_now,True,likely_complete,early stage vc,True,up,,1.964286,,,,,14.642857,,,,,25.0,,,,
814214500_661024171T,round_1,raise_now,True,likely_complete,early stage vc,True,up,,1.964286,,,,,14.642857,,,,,25.0,,,,
814214500_661024171T,round_2,raise_now,True,likely_complete,early stage vc,True,up,,1.964286,,,,,14.642857,,,,,25.0,,,,
814214500_661024171T,round_3,raise_now,True,likely_complete,early stage vc,True,up,,1.964286,,,,,14.642857,,,,,25.0,,,,
814214500_661024171T,final,raise_now,True,likely_complete,early stage vc,True,up,,1.964286,,,,,14.642857,,,,,25.0,,,,
814334279_368343132T,initial,raise_now,True,likely_complete,early stage vc,False,up,,5.0,1.2616651,3.7383349,2.963016810086924,False,25.0,9.68024899,15.31975101,1.582578198745278,False,25.0,,,,
814334279_368343132T,round_1,raise_now,True,likely_complete,early stage vc,False,up,,5.0,1.2616651,3.7383349,2.963016810086924,False,25.0,9.68024899,15.31975101,1.582578198745278,False,25.0,,,,
814334279_368343132T,round_2,raise_now,True,likely_complete,early stage vc,False,up,,5.0,1.2616651,3.7383349,2.963016810086924,False,25.0,9.68024899,15.31975101,1.582578198745278,False,25.0,,,,
814334279_368343132T,round_3,raise_now,True,likely_complete,early stage vc,False,up,,5.0,1.2616651,3.7383349,2.963016810086924,False,25.0,9.68024899,15.31975101,1.582578198745278,False,25.0,,,,
814334279_368343132T,final,raise_now,True,likely_complete,early stage vc,False,up,,5.0,1.2616651,3.7383349,2.963016810086924,False,25.0,9.68024899,15.31975101,1.582578198745278,False,25.0,,,,
814334279_845233432T,initial,raise_now,True,likely_complete,early stage vc,False,up,,3.571429,4.1147908,0.5433617999999996,0.13205089308550014,True,12.857143,,,,,21.428571,,,,
814334279_845233432T,round_1,raise_now,True,likely_complete,early stage vc,False,up,,3.571429,4.1147908,0.5433617999999996,0.13205089308550014,True,12.857143,,,,,21.428571,,,,
814334279_845233432T,round_2,raise_now,True,likely_complete,early stage vc,False,up,,3.571429,4.1147908,0.5433617999999996,0.13205089308550014,True,12.857143,,,,,21.428571,,,,
814334279_845233432T,round_3,raise_now,True,likely_complete,early stage vc,False,up,,3.571429,4.1147908,0.5433617999999996,0.13205089308550014,True,12.857143,,,,,21.428571,,,,
814334279_845233432T,final,raise_now,True,likely_complete,early stage vc,False,up,,3.571429,4.1147908,0.5433617999999996,0.13205089308550014,True,12.857143,,,,,21.428571,,,,
814334279_212012873T,initial,raise_now,True,likely_complete,later stage vc,True,up,,9.285714,4.47705717,4.80865683,1.0740664341349029,False,24.0,19.01156301,4.98843699,0.26238963032003754,True,25.0,,,,
814334279_212012873T,round_1,raise_now,True,likely_complete,later stage vc,True,up,,9.285714,4.47705717,4.80865683,1.0740664341349029,False,24.0,19.01156301,4.98843699,0.26238963032003754,True,25.0,,,,
814334279_212012873T,round_2,raise_now,True,likely_complete,later stage vc,True,up,,9.285714,4.47705717,4.80865683,1.0740664341349029,False,24.0,19.01156301,4.98843699,0.26238963032003754,True,25.0,,,,
814334279_212012873T,round_3,raise_now,True,likely_complete,later stage vc,True,up,,9.285714,4.47705717,4.80865683,1.0740664341349029,False,24.0,19.01156301,4.98843699,0.26238963032003754,True,25.0,,,,
814334279_212012873T,final,raise_now,True,likely_complete,later stage vc,True,up,,9.285714,4.47705717,4.80865683,1.0740664341349029,False,24.0,19.01156301,4.98843699,0.26238963032003754,True,25.0,,,,
828323548_985935722T,initial,raise_now,True,likely_complete,seed round,True,up,,0.5,,,,,2.0,,,,,40.0,,,,
828323548_985935722T,round_1,raise_now,True,likely_complete,seed round,True,up,,0.5,,,,,2.0,,,,,40.0,,,,
828323548_985935722T,round_2,raise_now,True,likely_complete,seed round,True,up,,0.5,,,,,2.0,,,,,40.0,,,,
828323548_985935722T,round_3,raise_now,True,likely_complete,seed round,True,up,,0.5,,,,,2.0,,,,,40.0,,,,
828323548_985935722T,final,raise_now,True,likely_complete,seed round,True,up,,0.5,,,,,2.0,,,,,40.0,,,,
848991802_308266590T,initial,raise_now,True,likely_complete,seed round,True,up,,2.071429,0.62592494,1.4455040600000002,2.3093888222444057,False,11.071429,1.85931555,9.21211345,4.954572369386144,False,25.0,21.03946637,3.9605336300000005,0.1882430647408098,True
848991802_308266590T,round_1,raise_now,True,likely_complete,seed round,True,up,,2.071429,0.62592494,1.4455040600000002,2.3093888222444057,False,11.071429,1.85931555,9.21211345,4.954572369386144,False,25.0,21.03946637,3.9605336300000005,0.1882430647408098,True
848991802_308266590T,round_2,raise_now,True,likely_complete,seed round,True,up,,2.071429,0.62592494,1.4455040600000002,2.3093888222444057,False,11.071429,1.85931555,9.21211345,4.954572369386144,False,25.0,21.03946637,3.9605336300000005,0.1882430647408098,True
848991802_308266590T,round_3,raise_now,True,likely_complete,seed round,True,up,,2.071429,0.62592494,1.4455040600000002,2.3093888222444057,False,11.071429,1.85931555,9.21211345,4.954572369386144,False,25.0,21.03946637,3.9605336300000005,0.1882430647408098,True
848991802_308266590T,final,raise_now,True,likely_complete,seed round,True,up,,2.071429,0.62592494,1.4455040600000002,2.3093888222444057,False,11.071429,1.85931555,9.21211345,4.954572369386144,False,25.0,21.03946637,3.9605336300000005,0.1882430647408098,True
848991802_250474858T,initial,raise_now,True,likely_complete,seed round,False,up,True,1.267857,1.89206973,0.62421273,0.32991000284117433,True,3.035714,7.33493752,4.29922352,0.5861295352928922,False,25.0,41.40757927,16.40757927,0.3962457974906873,True
848991802_250474858T,round_1,raise_now,True,likely_complete,seed round,False,up,True,1.321429,1.89206973,0.57064073,0.3015960357866938,True,3.142857,7.33493752,4.192080520000001,0.5715223215698231,False,25.0,41.40757927,16.40757927,0.3962457974906873,True
848991802_250474858T,round_2,raise_now,True,likely_complete,seed round,False,up,True,1.321429,1.89206973,0.57064073,0.3015960357866938,True,3.142857,7.33493752,4.192080520000001,0.5715223215698231,False,25.0,41.40757927,16.40757927,0.3962457974906873,True
848991802_250474858T,round_3,raise_now,True,likely_complete,seed round,False,up,True,1.321429,1.89206973,0.57064073,0.3015960357866938,True,3.142857,7.33493752,4.192080520000001,0.5715223215698231,False,25.0,41.40757927,16.40757927,0.3962457974906873,True
848991802_250474858T,final,raise_now,True,likely_complete,seed round,False,up,True,1.321429,1.89206973,0.57064073,0.3015960357866938,True,3.142857,7.33493752,4.192080520000001,0.5715223215698231,False,25.0,41.40757927,16.40757927,0.3962457974906873,True
867028076_544582727T,initial,raise_now,True,likely_complete,early stage vc,True,up,,2.071429,,,,,11.071429,,,,,25.357143,,,,
867028076_544582727T,round_1,raise_now,True,likely_complete,early stage vc,True,up,,2.071429,,,,,11.071429,,,,,25.357143,,,,
867028076_544582727T,round_2,raise_now,True,likely_complete,early stage vc,True,up,,2.071429,,,,,11.071429,,,,,25.357143,,,,
867028076_544582727T,round_3,raise_now,True,likely_complete,early stage vc,True,up,,2.071429,,,,,11.071429,,,,,25.357143,,,,
867028076_544582727T,final,raise_now,True,likely_complete,early stage vc,True,up,,2.071429,,,,,11.071429,,,,,25.357143,,,,
873966444_911177755T,initial,raise_now,True,likely_complete,early stage vc,True,up,,2.464286,2.200532,0.26375400000000004,0.1198591976849235,True,14.785714,11.693056,3.092658,0.26448671758691655,True,25.0,18.8191375,6.1808625,0.32843495085787006,True
873966444_911177755T,round_1,raise_now,True,likely_complete,early stage vc,True,up,,2.464286,2.200532,0.26375400000000004,0.1198591976849235,True,14.785714,11.693056,3.092658,0.26448671758691655,True,25.0,18.8191375,6.1808625,0.32843495085787006,True
873966444_911177755T,round_2,raise_now,True,likely_complete,early stage vc,True,up,,2.464286,2.200532,0.26375400000000004,0.1198591976849235,True,14.785714,11.693056,3.092658,0.26448671758691655,True,25.0,18.8191375,6.1808625,0.32843495085787006,True
873966444_911177755T,round_3,raise_now,True,likely_complete,early stage vc,True,up,,2.464286,2.200532,0.26375400000000004,0.1198591976849235,True,14.785714,11.693056,3.092658,0.26448671758691655,True,25.0,18.8191375,6.1808625,0.32843495085787006,True
873966444_911177755T,final,raise_now,True,likely_complete,early stage vc,True,up,,2.464286,2.200532,0.26375400000000004,0.1198591976849235,True,14.785714,11.693056,3.092658,0.26448671758691655,True,25.0,18.8191375,6.1808625,0.32843495085787006,True
873966444_698264161T,initial,raise_now,True,likely_complete,early stage vc,True,up,True,5.0,10.272913,5.272913000000001,0.5132831359517988,False,25.0,35.129457,10.129457000000002,0.2883465292389803,True,25.0,41.84204783,16.84204783,0.4025149031526261,True
873966444_698264161T,round_1,raise_now,True,likely_complete,early stage vc,True,up,True,5.0,10.272913,5.272913000000001,0.5132831359517988,False,25.0,35.129457,10.129457000000002,0.2883465292389803,True,25.0,41.84204783,16.84204783,0.4025149031526261,True
873966444_698264161T,round_2,raise_now,True,likely_complete,early stage vc,True,up,True,5.0,10.272913,5.272913000000001,0.5132831359517988,False,25.0,35.129457,10.129457000000002,0.2883465292389803,True,25.0,41.84204783,16.84204783,0.4025149031526261,True
873966444_698264161T,round_3,raise_now,True,likely_complete,early stage vc,True,up,True,5.0,10.272913,5.272913000000001,0.5132831359517988,False,25.0,35.129457,10.129457000000002,0.2883465292389803,True,25.0,41.84204783,16.84204783,0.4025149031526261,True
873966444_698264161T,final,raise_now,True,likely_complete,early stage vc,True,up,True,5.0,10.272913,5.272913000000001,0.5132831359517988,False,25.0,35.129457,10.129457000000002,0.2883465292389803,True,25.0,41.84204783,16.84204783,0.4025149031526261,True
873966444_329054140T,initial,raise_now,True,likely_complete,early stage vc,False,up,True,25.0,25.000002,1.999999998503199e-06,7.999999354012848e-08,True,60.0,118.474302,58.474301999999994,0.4935610593426412,True,35.0,54.11432045,19.11432045,0.35322111210212936,True
873966444_329054140T,round_1,raise_now,True,likely_complete,early stage vc,False,up,True,25.0,25.000002,1.999999998503199e-06,7.999999354012848e-08,True,60.0,118.474302,58.474301999999994,0.4935610593426412,True,35.0,54.11432045,19.11432045,0.35322111210212936,True
873966444_329054140T,round_2,raise_now,True,likely_complete,early stage vc,False,up,True,25.0,25.000002,1.999999998503199e-06,7.999999354012848e-08,True,60.0,118.474302,58.474301999999994,0.4935610593426412,True,35.0,54.11432045,19.11432045,0.35322111210212936,True
873966444_329054140T,round_3,raise_now,True,likely_complete,early stage vc,False,up,True,25.0,25.000002,1.999999998503199e-06,7.999999354012848e-08,True,60.0,118.474302,58.474301999999994,0.4935610593426412,True,35.0,54.11432045,19.11432045,0.35322111210212936,True
873966444_329054140T,final,raise_now,True,likely_complete,early stage vc,False,up,True,25.0,25.000002,1.999999998503199e-06,7.999999354012848e-08,True,60.0,118.474302,58.474301999999994,0.4935610593426412,True,35.0,54.11432045,19.11432045,0.35322111210212936,True
873966444_915471547T,initial,raise_now,True,likely_complete,later stage vc,True,up,True,50.0,60.000002,10.000002000000002,0.16666669444444354,True,200.0,259.999999,59.999999,0.23076922781065087,True,30.0,56.4593637,26.459363699999997,0.4686443836064698,True
873966444_915471547T,round_1,raise_now,True,likely_complete,later stage vc,True,up,True,50.0,60.000002,10.000002000000002,0.16666669444444354,True,200.0,259.999999,59.999999,0.23076922781065087,True,30.0,56.4593637,26.459363699999997,0.4686443836064698,True
873966444_915471547T,round_2,raise_now,True,likely_complete,later stage vc,True,up,True,50.0,60.000002,10.000002000000002,0.16666669444444354,True,200.0,259.999999,59.999999,0.23076922781065087,True,30.0,56.4593637,26.459363699999997,0.4686443836064698,True
873966444_915471547T,round_3,raise_now,True,likely_complete,later stage vc,True,up,True,50.0,60.000002,10.000002000000002,0.16666669444444354,True,200.0,259.999999,59.999999,0.23076922781065087,True,30.0,56.4593637,26.459363699999997,0.4686443836064698,True
873966444_915471547T,final,raise_now,True,likely_complete,later stage vc,True,up,True,50.0,60.000002,10.000002000000002,0.16666669444444354,True,200.0,259.999999,59.999999,0.23076922781065087,True,30.0,56.4593637,26.459363699999997,0.4686443836064698,True
873966444_327809567T,initial,raise_now,True,likely_complete,later stage vc,True,up,,67.857143,65.0,2.8571429999999935,0.04395604615384605,True,385.714286,,,,,35.0,,,,
873966444_327809567T,round_1,raise_now,True,likely_complete,later stage vc,True,up,,67.857143,65.0,2.8571429999999935,0.04395604615384605,True,385.714286,,,,,35.0,,,,
873966444_327809567T,round_2,raise_now,True,likely_complete,later stage vc,True,up,,67.857143,65.0,2.8571429999999935,0.04395604615384605,True,385.714286,,,,,35.0,,,,
873966444_327809567T,round_3,raise_now,True,likely_complete,later stage vc,True,up,,67.857143,65.0,2.8571429999999935,0.04395604615384605,True,385.714286,,,,,35.0,,,,
873966444_327809567T,final,raise_now,True,likely_complete,later stage vc,True,up,,67.857143,65.0,2.8571429999999935,0.04395604615384605,True,385.714286,,,,,35.0,,,,
899146717_729809896T,initial,raise_now,True,likely_complete,seed round,False,up,,1.964286,,,,,5.892857,,,,,33.142857,,,,
899146717_729809896T,round_1,raise_now,True,likely_complete,seed round,False,up,,1.964286,,,,,5.892857,,,,,33.142857,,,,
899146717_729809896T,round_2,raise_now,True,likely_complete,seed round,False,up,,1.964286,,,,,5.892857,,,,,33.142857,,,,
899146717_729809896T,round_3,raise_now,True,likely_complete,seed round,False,up,,1.964286,,,,,5.892857,,,,,33.142857,,,,
899146717_729809896T,final,raise_now,True,likely_complete,seed round,False,up,,1.964286,,,,,5.892857,,,,,33.142857,,,,
899146717_313610711T,initial,raise_now,True,likely_complete,seed round,False,up,,1.964286,,,,,5.928571,,,,,33.333,,,,
899146717_313610711T,round_1,raise_now,True,likely_complete,seed round,False,up,,1.964286,,,,,5.928571,,,,,33.333,,,,
899146717_313610711T,round_2,raise_now,True,likely_complete,seed round,False,up,,1.964286,,,,,5.928571,,,,,33.333,,,,
899146717_313610711T,round_3,raise_now,True,likely_complete,seed round,False,up,,1.964286,,,,,5.928571,,,,,33.333,,,,
899146717_313610711T,final,raise_now,True,likely_complete,seed round,False,up,,1.964286,,,,,5.928571,,,,,33.333,,,,
910525626_600035121T,initial,raise_now,True,likely_complete,seed round,True,up,,2.071429,1.40086939,0.6705596100000002,0.47867389692910645,True,12.428571,,,,,25.0,,,,
910525626_600035121T,round_1,raise_now,True,likely_complete,seed round,True,up,,2.071429,1.40086939,0.6705596100000002,0.47867389692910645,True,12.428571,,,,,25.0,,,,
910525626_600035121T,round_2,raise_now,True,likely_complete,seed round,True,up,,2.071429,1.40086939,0.6705596100000002,0.47867389692910645,True,12.428571,,,,,25.0,,,,
910525626_600035121T,round_3,raise_now,True,likely_complete,seed round,True,up,,2.071429,1.40086939,0.6705596100000002,0.47867389692910645,True,12.428571,,,,,25.0,,,,
910525626_600035121T,final,raise_now,True,likely_complete,seed round,True,up,,2.071429,1.40086939,0.6705596100000002,0.47867389692910645,True,12.428571,,,,,25.0,,,,
924462846_581849960T,initial,raise_now,True,likely_complete,early stage vc,True,up,,2.857143,1.32954772,1.52759528,1.1489585947317482,False,17.142857,3.15450476,13.98835224,4.434405177439009,False,25.0,54.66587398,29.66587398,0.542676295468239,False
924462846_581849960T,round_1,raise_now,True,likely_complete,early stage vc,True,up,,2.857143,1.32954772,1.52759528,1.1489585947317482,False,17.142857,3.15450476,13.98835224,4.434405177439009,False,25.0,54.66587398,29.66587398,0.542676295468239,False
924462846_581849960T,round_2,raise_now,True,likely_complete,early stage vc,True,up,,2.857143,1.32954772,1.52759528,1.1489585947317482,False,17.142857,3.15450476,13.98835224,4.434405177439009,False,25.0,54.66587398,29.66587398,0.542676295468239,False
924462846_581849960T,round_3,raise_now,True,likely_complete,early stage vc,True,up,,2.857143,1.32954772,1.52759528,1.1489585947317482,False,17.142857,3.15450476,13.98835224,4.434405177439009,False,25.0,54.66587398,29.66587398,0.542676295468239,False
924462846_581849960T,final,raise_now,True,likely_complete,early stage vc,True,up,,2.857143,1.32954772,1.52759528,1.1489585947317482,False,17.142857,3.15450476,13.98835224,4.434405177439009,False,25.0,54.66587398,29.66587398,0.542676295468239,False
924462846_585063651T,initial,raise_now,True,likely_complete,early stage vc,True,up,True,3.0,2.23332355,0.7666764499999998,0.34328946649937925,True,7.5,9.81925801,2.3192580100000004,0.23619483342204187,True,25.0,64.53798342,39.53798342,0.6126312184670365,False
924462846_585063651T,round_1,raise_now,True,likely_complete,early stage vc,True,up,True,3.0,2.23332355,0.7666764499999998,0.34328946649937925,True,7.5,9.81925801,2.3192580100000004,0.23619483342204187,True,25.0,64.53798342,39.53798342,0.6126312184670365,False
924462846_585063651T,round_2,raise_now,True,likely_complete,early stage vc,True,up,True,3.0,2.23332355,0.7666764499999998,0.34328946649937925,True,7.5,9.81925801,2.3192580100000004,0.23619483342204187,True,25.0,64.53798342,39.53798342,0.6126312184670365,False
924462846_585063651T,round_3,raise_now,True,likely_complete,early stage vc,True,up,True,3.0,2.23332355,0.7666764499999998,0.34328946649937925,True,7.5,9.81925801,2.3192580100000004,0.23619483342204187,True,25.0,64.53798342,39.53798342,0.6126312184670365,False
924462846_585063651T,final,raise_now,True,likely_complete,early stage vc,True,up,True,3.0,2.23332355,0.7666764499999998,0.34328946649937925,True,7.5,9.81925801,2.3192580100000004,0.23619483342204187,True,25.0,64.53798342,39.53798342,0.6126312184670365,False
924462846_941227886T,initial,raise_now,True,likely_complete,early stage vc,True,up,True,5.0,3.87894254,1.1210574599999998,0.2890111024949598,True,14.0,15.41340073,1.4134007299999993,0.0916994733841582,True,25.0,73.46236853,48.462368530000006,0.6596897091632611,False
924462846_941227886T,round_1,raise_now,True,likely_complete,early stage vc,True,up,True,5.0,3.87894254,1.1210574599999998,0.2890111024949598,True,14.0,15.41340073,1.4134007299999993,0.0916994733841582,True,25.0,73.46236853,48.462368530000006,0.6596897091632611,False
924462846_941227886T,round_2,raise_now,True,likely_complete,early stage vc,True,up,True,5.0,3.87894254,1.1210574599999998,0.2890111024949598,True,14.0,15.41340073,1.4134007299999993,0.0916994733841582,True,25.0,73.46236853,48.462368530000006,0.6596897091632611,False
924462846_941227886T,round_3,raise_now,True,likely_complete,early stage vc,True,up,True,5.0,3.87894254,1.1210574599999998,0.2890111024949598,True,14.0,15.41340073,1.4134007299999993,0.0916994733841582,True,25.0,73.46236853,48.462368530000006,0.6596897091632611,False
924462846_941227886T,final,raise_now,True,likely_complete,early stage vc,True,up,True,5.0,3.87894254,1.1210574599999998,0.2890111024949598,True,14.0,15.41340073,1.4134007299999993,0.0916994733841582,True,25.0,73.46236853,48.462368530000006,0.6596897091632611,False
924462846_205213706T,initial,raise_now,True,likely_complete,early stage vc,False,up,False,8.571429,2.9322216,5.6392074,1.923185955659013,False,23.571429,7.91655402,15.654874979999999,1.9774860299633246,False,35.0,60.60247895,25.60247895,0.4224658692777781,True
924462846_205213706T,round_1,raise_now,True,likely_complete,early stage vc,False,up,False,8.571429,2.9322216,5.6392074,1.923185955659013,False,23.571429,7.91655402,15.654874979999999,1.9774860299633246,False,35.0,60.60247895,25.60247895,0.4224658692777781,True
924462846_205213706T,round_2,raise_now,True,likely_complete,early stage vc,False,up,False,8.571429,2.9322216,5.6392074,1.923185955659013,False,23.571429,7.91655402,15.654874979999999,1.9774860299633246,False,35.0,60.60247895,25.60247895,0.4224658692777781,True
924462846_205213706T,round_3,raise_now,True,likely_complete,early stage vc,False,up,False,8.571429,2.9322216,5.6392074,1.923185955659013,False,23.571429,7.91655402,15.654874979999999,1.9774860299633246,False,35.0,60.60247895,25.60247895,0.4224658692777781,True
924462846_205213706T,final,raise_now,True,likely_complete,early stage vc,False,up,False,8.571429,2.9322216,5.6392074,1.923185955659013,False,23.571429,7.91655402,15.654874979999999,1.9774860299633246,False,35.0,60.60247895,25.60247895,0.4224658692777781,True
924462846_242496413T,initial,raise_now,True,likely_complete,early stage vc,False,up,True,5.0,4.18117477,0.8188252299999998,0.19583616448541802,True,12.0,17.37604425,5.37604425,0.30939402390161386,True,55.0,79.36248535,24.36248535,0.3069773488387861,True
924462846_242496413T,round_1,raise_now,True,likely_complete,early stage vc,False,up,True,5.0,4.18117477,0.8188252299999998,0.19583616448541802,True,12.0,17.37604425,5.37604425,0.30939402390161386,True,55.0,79.36248535,24.36248535,0.3069773488387861,True
924462846_242496413T,round_2,raise_now,True,likely_complete,early stage vc,False,up,True,5.0,4.18117477,0.8188252299999998,0.19583616448541802,True,12.0,17.37604425,5.37604425,0.30939402390161386,True,55.0,79.36248535,24.36248535,0.3069773488387861,True
924462846_242496413T,round_3,raise_now,True,likely_complete,early stage vc,False,up,True,5.0,4.18117477,0.8188252299999998,0.19583616448541802,True,12.0,17.37604425,5.37604425,0.30939402390161386,True,55.0,79.36248535,24.36248535,0.3069773488387861,True
924462846_242496413T,final,raise_now,True,likely_complete,early stage vc,False,up,True,5.0,4.18117477,0.8188252299999998,0.19583616448541802,True,12.0,17.37604425,5.37604425,0.30939402390161386,True,55.0,79.36248535,24.36248535,0.3069773488387861,True
941501469_299746162T,initial,raise_now,True,likely_complete,seed round,False,up,,0.5,,,,,4.0,,,,,25.0,,,,
941501469_299746162T,round_1,raise_now,True,likely_complete,seed round,False,up,,0.5,,,,,4.0,,,,,25.0,,,,
941501469_299746162T,round_2,raise_now,True,likely_complete,seed round,False,up,,0.5,,,,,4.0,,,,,25.0,,,,
941501469_299746162T,round_3,raise_now,True,likely_complete,seed round,False,up,,0.5,,,,,4.0,,,,,25.0,,,,
941501469_299746162T,final,raise_now,True,likely_complete,seed round,False,up,,0.5,,,,,4.0,,,,,25.0,,,,
959984288_485286730T,initial,raise_now,True,likely_complete,seed round,True,up,,2.0,3.5,1.5,0.42857142857142855,True,15.0,,,,,25.0,,,,
959984288_485286730T,round_1,raise_now,True,likely_complete,seed round,True,up,,2.0,3.5,1.5,0.42857142857142855,True,15.0,,,,,25.0,,,,
959984288_485286730T,round_2,raise_now,True,likely_complete,seed round,True,up,,2.0,3.5,1.5,0.42857142857142855,True,15.0,,,,,25.0,,,,
959984288_485286730T,round_3,raise_now,True,likely_complete,seed round,True,up,,2.0,3.5,1.5,0.42857142857142855,True,15.0,,,,,25.0,,,,
959984288_485286730T,final,raise_now,True,likely_complete,seed round,True,up,,2.0,3.5,1.5,0.42857142857142855,True,15.0,,,,,25.0,,,,
959984288_094322396T,initial,raise_now,True,likely_complete,early stage vc,False,up,,7.0,6.36398831,0.6360116900000001,0.09993916692156843,True,10.5,,,,,25.0,,,,
959984288_094322396T,round_1,raise_now,True,likely_complete,early stage vc,False,up,,7.0,6.36398831,0.6360116900000001,0.09993916692156843,True,10.5,,,,,25.0,,,,
959984288_094322396T,round_2,raise_now,True,likely_complete,early stage vc,False,up,,7.0,6.36398831,0.6360116900000001,0.09993916692156843,True,10.5,,,,,25.0,,,,
959984288_094322396T,round_3,raise_now,True,likely_complete,early stage vc,False,up,,7.0,6.36398831,0.6360116900000001,0.09993916692156843,True,10.5,,,,,25.0,,,,
959984288_094322396T,final,raise_now,True,likely_complete,early stage vc,False,up,,7.0,6.36398831,0.6360116900000001,0.09993916692156843,True,10.5,,,,,25.0,,,,
973263042_325111768T,initial,raise_now,True,likely_complete,seed round,False,up,,2.0,0.92844524,1.0715547600000002,1.1541388913793131,False,10.0,,,,,25.0,75.0,50.0,0.6666666666666666,False
973263042_325111768T,round_1,raise_now,True,likely_complete,seed round,False,up,,2.0,0.92844524,1.0715547600000002,1.1541388913793131,False,10.0,,,,,25.0,75.0,50.0,0.6666666666666666,False
973263042_325111768T,round_2,raise_now,True,likely_complete,seed round,False,up,,2.0,0.92844524,1.0715547600000002,1.1541388913793131,False,10.0,,,,,25.0,75.0,50.0,0.6666666666666666,False
973263042_325111768T,round_3,raise_now,True,likely_complete,seed round,False,up,,2.0,0.92844524,1.0715547600000002,1.1541388913793131,False,10.0,,,,,25.0,75.0,50.0,0.6666666666666666,False
973263042_325111768T,final,raise_now,True,likely_complete,seed round,False,up,,2.0,0.92844524,1.0715547600000002,1.1541388913793131,False,10.0,,,,,25.0,75.0,50.0,0.6666666666666666,False
